symbol,year_report,length_report,update_date,revenue,revenue_growth,net_profit,net_profit_growth,ebit_margin,roe,roic,roa,pe,pb,eps,current_ratio,cash_ratio,quick_ratio,interest_coverage,ae,fae,net_profit_margin,gross_margin,ev,issue_share,ps,pcf,bvps,ev_per_ebitda,at,fat,acp,dso,dpo,eps_ttm,charter_capital,rtq4,charter_capital_ratio,rtq10,dividend,ebitda,ebit,le,de,ccc,rtq17,Report_Type,Symbol,id,officer_name,officer_position,position_short_name,officer_own_percent,quantity,history,company_profile,icb_name3,icb_name2,icb_name4,financial_ratio_issue_share,share_holder,share_own_percent,date,description,link,name,sub_organ_code,ownership_percent,organ_name,type
YTC,2024.0,5.0,1742311339350,698777612924.0,0.2492004497194638,9613930429.0,0.46251294638903695,0.007474982647801523,0.0879376923,0.0168843905,0.0097649928,30.2908370464,1.6207674416,1006.9051559488898,1.0538045919,0.0999863688,0.8694372602,-0.5080008930019296,5.726281632840421,0.2465310440870126,0.01386189663216572,0.12707285099865087,291214000000.0,9548000,0.419888452,12.9376767942,18818.2457380603,35.7105138466,0.704448539,14.9020645757,59.554121146719524,56.5953015482,100.4752198627,1006.9051559489,95480000000,0.0,1.8818245738060326,4.7262816328,0.006557377,9343873119.0,5184280697.0,0.7088800307,4.7262816328,216.62464255761952,6.4492986169,RatioSummary,YTC,,,,,,,,,,,,,,,,,,,,,,
,,,2025-08-05,,,,,,,,,,,,,,,,,,,,,,,,,,,,,,,,,,,,,,,,,,,Officers,YTC,9,Huỳnh Công Triết,Thành viên Ban kiểm soát,TV BKS,0.0002,1960.0,,,,,,,,,,,,,,,,
,,,2020-07-13,,,,,,,,,,,,,,,,,,,,,,,,,,,,,,,,,,,,,,,,,,,Officers,YTC,2,Nguyễn Quốc Việt,Phó Chủ tịch Hội đồng Quản trị,Phó Chủ tịch HĐQT,0.0,0.0,,,,,,,,,,,,,,,,
,,,2024-04-17,,,,,,,,,,,,,,,,,,,,,,,,,,,,,,,,,,,,,,,,,,,Officers,YTC,3,Lê Văn Thiện,Thành viên Hội đồng Quản trị,TV HĐQT,0.0,0.0,,,,,,,,,,,,,,,,
,,,2025-04-15,,,,,,,,,,,,,,,,,,,,,,,,,,,,,,,,,,,,,,,,,,,Officers,YTC,4,Trương Thị Hồng Nhạn,Thành viên Ban kiểm soát,TV BKS,0.0,0.0,,,,,,,,,,,,,,,,
,,,2020-06-30,,,,,,,,,,,,,,,,,,,,,,,,,,,,,,,,,,,,,,,,,,,Officers,YTC,1,Phan Phương Anh,Phó Chủ tịch Hội đồng Quản trị,Phó Chủ tịch HĐQT,0.0,0.0,,,,,,,,,,,,,,,,
,,,2025-08-05,,,,,,,,,,,,,,,,,,,,,,,,,,,,,,,,,,,,,,,,,,,Officers,YTC,6,Phan Minh Trung,Phụ trách Công bố thông tin/Tổng Giám đốc,Phụ trách CBTT/TGĐ,0.0,0.0,,,,,,,,,,,,,,,,
,,,2025-08-05,,,,,,,,,,,,,,,,,,,,,,,,,,,,,,,,,,,,,,,,,,,Officers,YTC,7,Nguyễn Hoàng Giang,Trưởng Ban kiểm soát,Trưởng BKS,0.0,0.0,,,,,,,,,,,,,,,,
,,,2025-08-05,,,,,,,,,,,,,,,,,,,,,,,,,,,,,,,,,,,,,,,,,,,Officers,YTC,8,Nguyễn Khánh Linh,Chủ tịch Hội đồng Quản trị,Chủ tịch HĐQT,0.0,0.0,,,,,,,,,,,,,,,,
,,,2025-08-05,,,,,,,,,,,,,,,,,,,,,,,,,,,,,,,,,,,,,,,,,,,Officers,YTC,5,Trần Thị Nhàn,Kế toán trưởng,Kế toán trưởng,0.0,0.0,,,,,,,,,,,,,,,,
{0: 'YTC'},,,,,,,,,,,,,,,,,,,,,,,,{0: 9548000},,,,,,,,,,,{0: 95480000000},,,,,,,,,,,Overview,YTC,{0: '77091'},,,,,,{0: ' - Năm 1984: Công ty Cung ứng Thuốc được thành lập;  - Năm 1989: Đổi tên thành Công ty Xuất nhập khẩu Y tế thành phố Hồ Chí Minh;  - Ngày 01/08/2001: Chính thức hoạt động theo mô hình công ty cổ phần và đổi tên thành Công ty Cổ phần Xuất nhập khẩu Y tế Thành phố Hồ Chí Minh với vốn điều lệ 28 tỷ đồng;  - Năm 2012: Trở thành công ty đại chúng;  - Ngày 03/08/2017: Giao dịch trên thị trường UPCOM;  - Ngày 10/01/2025: Tăng vốn điều lệ lên 95.480.000.000 đồng;'},"{0: 'Công ty Cổ phần Xuất nhập khẩu Y tế Thành phố Hồ Chí Minh (YTC) có tiền thần là Công ty Cung ứng Thuốc, được thành lập vào năm 1984. Công ty hoạt động chính trong lĩnh vực kinh doanh, xuất nhập khẩu dược phẩm và trang thiết bị y tế. YTC là 1 trong 5 doanh nghiệp được Bộ Y tế giao nhiệm vụ nhập khẩu và phân phối các loại thuốc độc, gây nghiện và hướng tâm thần. Công ty hiện có 1 nhà kho với diện tích là 2000m2 đạt tiêu chuẩn GSP của quốc tế. Một số khách hàng của YTC như: Bệnh viện tim Tâm Đức, Viện tim thành phố Hồ Chí Minh, Công ty cổ phần VINAPHA, Công ty cổ phần dược phẩm TIPHARCO…YTC được giao dịch trên thị trường UPCOM từ tháng 08/2017.'}",{0: 'Thiết bị và Dịch vụ Y tế'},{0: 'Y tế'},{0: 'Dụng cụ y tế'},{0: 9548000},,,,,,,,,,
,,,2025-11-25,,,,,,,,,,,,,,,,,,,,,,,,,,,,,,,,,,,,,,,,,,,Shareholders,YTC,93231172,,,,,6032633.0,,,,,,,Công ty Cổ phần Đầu tư SGI Holdings,0.6337,,,,,,,,
,,,2025-10-05,,,,,,,,,,,,,,,,,,,,,,,,,,,,,,,,,,,,,,,,,,,Shareholders,YTC,93233098,,,,,2768920.0,,,,,,,Công ty TNHH MTV Dược Sài Gòn,0.29,,,,,,,,
,,,2025-10-05,,,,,,,,,,,,,,,,,,,,,,,,,,,,,,,,,,,,,,,,,,,Shareholders,YTC,93236739,,,,,99770.0,,,,,,,Dư Quốc Đông,0.0324,,,,,,,,
,,,2025-10-05,,,,,,,,,,,,,,,,,,,,,,,,,,,,,,,,,,,,,,,,,,,Shareholders,YTC,93244525,,,,,1210.0,,,,,,,Nguyễn Hải Hà,0.0004,,,,,,,,
,,,2025-10-05,,,,,,,,,,,,,,,,,,,,,,,,,,,,,,,,,,,,,,,,,,,Shareholders,YTC,93238309,,,,,1960.0,,,,,,,Huỳnh Công Triết,0.0002,,,,,,,,
,,,2025-10-05,,,,,,,,,,,,,,,,,,,,,,,,,,,,,,,,,,,,,,,,,,,Shareholders,YTC,93249382,,,,,550.0,,,,,,,Nguyễn Thị Thu Thúy,0.0002,,,,,,,,
YEG,2025.0,3.0,1761905004573,391368658981.0,0.1342900071267522,8593601510.0,-0.6704332266058943,0.027310264321782733,0.071469609,0.0090381189,0.0515574141,15.0584939337,1.1331279008,44.804537709936184,2.859173668,0.3337904826,2.5638804171,-2.5934934627151147,1.3048922290570912,0.11602860866985772,0.021981116103766414,0.11584809301189491,2330394725250.0,191802035,1.5909069049,7.115547852,10722.5318439765,23.437176996,0.5588808545,6.7296050475,109.86475919313631,27.0647822144,32.5970108476,806.853597279,1918020350000,0.0180548088,1.100266587224687,0.3048922291,0.0,103830704529.0,10677052412.0,0.1371945189,0.3048922291,169.5265522551363,13.4861606167,RatioSummary,YEG,,,,,,,,,,,,,,,,,,,,,,
,,,,,,,,,,,,,,,,,,,,,,,,,,,,,,,,,,,,,,,,,,,,,,Reports_Default,YEG,,,,,,,,,,,,,,,2025-09-17T00:00:00Z,"- YEG là công ty truyền thông lớn với hệ sinh thái từ sản xuất đến thương mại hóa nội dung, sở hữu giá trị bản quyền cao và hợp đồng quảng cáo bền vữn",https://www.vietcap.com.vn/trung-tam-phan-tich/yeg-khong-danh-gia-dau-tu-san-xuat-noi-dung-thuc-day-loi-nhuan-ky-luc-bao-cao-cong-ty,YEG [KHÔNG ĐÁNH GIÁ] - Đầu tư sản xuất nội dung thúc đẩy lợi nhuận kỷ lục - Báo cáo Công ty,,,,
,,,2024-08-23,,,,,,,,,,,,,,,,,,,,,,,,,,,,,,,,,,,,,,,,,,,Officers,YEG,15,Đào Phúc Trí,Tổng Giám đốc/Phó Chủ tịch Hội đồng Quản trị,TGĐ/Phó Chủ tịch HĐQT,0.0459,6027000.0,,,,,,,,,,,,,,,,
,,,2025-02-17,,,,,,,,,,,,,,,,,,,,,,,,,,,,,,,,,,,,,,,,,,,Officers,YEG,16,Võ Thái Phong,Phó Tổng Giám đốc Tài chính,Phó TGĐ - Tài chính,0.0027,79802.0,,,,,,,,,,,,,,,,
,,,2019-03-26,,,,,,,,,,,,,,,,,,,,,,,,,,,,,,,,,,,,,,,,,,,Officers,YEG,8,Nguyễn Ngọc Hưng,Phó Tổng Giám đốc,Phó TGĐ,0.0009,26087.0,,,,,,,,,,,,,,,,
,,,2019-09-25,,,,,,,,,,,,,,,,,,,,,,,,,,,,,,,,,,,,,,,,,,,Officers,YEG,9,Nguyễn Vũ Nghị,Phó Tổng Giám đốc,Phó TGĐ,0.0003,10111.0,,,,,,,,,,,,,,,,
,,,2025-08-05,,,,,,,,,,,,,,,,,,,,,,,,,,,,,,,,,,,,,,,,,,,Officers,YEG,17,Trần Thị Mỹ Duyên,Người phụ trách quản trị công ty,Người phụ trách quản trị công ty,0.0003,57130.0,,,,,,,,,,,,,,,,
,,,2025-08-11,,,,,,,,,,,,,,,,,,,,,,,,,,,,,,,,,,,,,,,,,,,Officers,YEG,18,Nguyễn Văn Nam,Thành viên Ban Kiểm toán nội bộ,Thành viên BKT nội bộ,0.00011,21080.0,,,,,,,,,,,,,,,,
,,,2018-06-22,,,,,,,,,,,,,,,,,,,,,,,,,,,,,,,,,,,,,,,,,,,Officers,YEG,7,Lâm Quốc Thái,Thành viên Ban Kiểm toán nội bộ,Thành viên BKT nội bộ,0.0,0.0,,,,,,,,,,,,,,,,
,,,2018-06-22,,,,,,,,,,,,,,,,,,,,,,,,,,,,,,,,,,,,,,,,,,,Officers,YEG,1,Nguyễn Ảnh Nhượng Tống,Chủ tịch Hội đồng Quản trị,Chủ tịch HĐQT,0.0,0.0,,,,,,,,,,,,,,,,
,,,2020-05-15,,,,,,,,,,,,,,,,,,,,,,,,,,,,,,,,,,,,,,,,,,,Officers,YEG,11,Nguyễn Đặng Quỳnh Anh,Phó Tổng Giám đốc,Phó TGĐ,0.0,0.0,,,,,,,,,,,,,,,,
,,,2020-08-03,,,,,,,,,,,,,,,,,,,,,,,,,,,,,,,,,,,,,,,,,,,Officers,YEG,12,Nguyễn Văn Cang,Phó Tổng Giám đốc Tài chính,Phó TGĐ - Tài chính,0.0,0.0,,,,,,,,,,,,,,,,
,,,2022-09-28,,,,,,,,,,,,,,,,,,,,,,,,,,,,,,,,,,,,,,,,,,,Officers,YEG,13,Nguyễn Quang Vinh,Thành viên Hội đồng Quản trị độc lập/Phó Giám đốc Điều hành/Phó Tổng Giám đốc Tài chính,Thành viên HĐQT độc lập/Phó GĐ điều hành/Phó TGĐ - Tài chính,0.0,0.0,,,,,,,,,,,,,,,,
,,,2024-06-11,,,,,,,,,,,,,,,,,,,,,,,,,,,,,,,,,,,,,,,,,,,Officers,YEG,14,Punnya Niraan De Silva,Thành viên Hội đồng Quản trị,TV HĐQT,0.0,0.0,,,,,,,,,,,,,,,,
,,,2019-10-18,,,,,,,,,,,,,,,,,,,,,,,,,,,,,,,,,,,,,,,,,,,Officers,YEG,10,Nguyễn Thị Ngọc Nữ,Kế toán trưởng,Kế toán trưởng,0.0,3.0,,,,,,,,,,,,,,,,
,,,2018-06-22,,,,,,,,,,,,,,,,,,,,,,,,,,,,,,,,,,,,,,,,,,,Officers,YEG,2,Hoàng Đức Trung,Thành viên Hội đồng Quản trị độc lập,Thành viên HĐQT độc lập,0.0,0.0,,,,,,,,,,,,,,,,
,,,2018-06-22,,,,,,,,,,,,,,,,,,,,,,,,,,,,,,,,,,,,,,,,,,,Officers,YEG,3,Don Di Lam,Thành viên Hội đồng Quản trị độc lập,Thành viên HĐQT độc lập,0.0,0.0,,,,,,,,,,,,,,,,
,,,2018-06-22,,,,,,,,,,,,,,,,,,,,,,,,,,,,,,,,,,,,,,,,,,,Officers,YEG,4,Nguyễn Ngọc Dũng,Thành viên Hội đồng Quản trị độc lập,Thành viên HĐQT độc lập,0.0,0.0,,,,,,,,,,,,,,,,
,,,2018-06-22,,,,,,,,,,,,,,,,,,,,,,,,,,,,,,,,,,,,,,,,,,,Officers,YEG,5,Lý Trường Chiến,Thành viên Hội đồng Quản trị độc lập,Thành viên HĐQT độc lập,0.0,0.0,,,,,,,,,,,,,,,,
,,,2018-06-22,,,,,,,,,,,,,,,,,,,,,,,,,,,,,,,,,,,,,,,,,,,Officers,YEG,6,Trần Quốc Bảo,Thành viên Hội đồng Quản trị độc lập,Thành viên HĐQT độc lập,0.0,0.0,,,,,,,,,,,,,,,,
,,,,,,,,,,,,,,,,,,,,,,,,,,,,,,,,,,,,,,,,,,,,,,Subsidiaries,YEG,26376726,,,,,,,,,,,,,,,,,,0314526114,0.99887,Công ty TNHH Yeah1 Network Việt Nam,công ty con
,,,,,,,,,,,,,,,,,,,,,,,,,,,,,,,,,,,,,,,,,,,,,,Subsidiaries,YEG,26376727,,,,,,,,,,,,,,,,,,0317420589,0.92,Công ty TNHH Yeah1 Up,công ty con
,,,,,,,,,,,,,,,,,,,,,,,,,,,,,,,,,,,,,,,,,,,,,,Subsidiaries,YEG,26376728,,,,,,,,,,,,,,,,,,0317690271,1.0,Công ty TNHH 1production,công ty con
,,,,,,,,,,,,,,,,,,,,,,,,,,,,,,,,,,,,,,,,,,,,,,Subsidiaries,YEG,26376729,,,,,,,,,,,,,,,,,,0318105371,1.0,Công ty TNHH 1talents,công ty con
,,,,,,,,,,,,,,,,,,,,,,,,,,,,,,,,,,,,,,,,,,,,,,Subsidiaries,YEG,26376730,,,,,,,,,,,,,,,,,,0318106103,1.0,Công ty TNHH 1brandlink,công ty con
,,,,,,,,,,,,,,,,,,,,,,,,,,,,,,,,,,,,,,,,,,,,,,Subsidiaries,YEG,26376731,,,,,,,,,,,,,,,,,,0318347998,0.51,Công ty Cổ Phần 1label,công ty con
,,,,,,,,,,,,,,,,,,,,,,,,,,,,,,,,,,,,,,,,,,,,,,Subsidiaries,YEG,26376732,,,,,,,,,,,,,,,,,,0601201906,,Công ty Cổ Phần Phát Triển Huy Ngân,công ty con
,,,,,,,,,,,,,,,,,,,,,,,,,,,,,,,,,,,,,,,,,,,,,,Subsidiaries,YEG,26376733,,,,,,,,,,,,,,,,,,1301092937,0.51,Công Ty Trách Nhiệm Hữu Hạn Trung Tâm Công Nghệ Và Chuyển Đổi Số,công ty con
,,,,,,,,,,,,,,,,,,,,,,,,,,,,,,,,,,,,,,,,,,,,,,Subsidiaries,YEG,26376734,,,,,,,,,,,,,,,,,,ONCOMM,0.0,Công ty Cổ Phần Truyền Thông On+,công ty con
,,,,,,,,,,,,,,,,,,,,,,,,,,,,,,,,,,,,,,,,,,,,,,Subsidiaries,YEG,26376735,,,,,,,,,,,,,,,,,,YEEDIGITAL,0.35,Công ty Cổ Phần Yeah1 Edigital,công ty con
,,,,,,,,,,,,,,,,,,,,,,,,,,,,,,,,,,,,,,,,,,,,,,Subsidiaries,YEG,26376736,,,,,,,,,,,,,,,,,,YSSCO,0.5098,Công Ty CP Siêu Sao Yeah1,công ty con
,,,,,,,,,,,,,,,,,,,,,,,,,,,,,,,,,,,,,,,,,,,,,,Subsidiaries,YEG,26376737,,,,,,,,,,,,,,,,,,0318547718,0.4,Công ty TNHH Meta Blossom Việt Nam,công ty liên kết
,,,,,,,,,,,,,,,,,,,,,,,,,,,,,,,,,,,,,,,,,,,,,,Subsidiaries,YEG,26376738,,,,,,,,,,,,,,,,,,YEEDIGITAL,0.35,Công ty Cổ Phần Yeah1 Edigital,công ty liên kết
{0: 'YEG'},,,,,,,,,,,,,,,,,,,,,,,,{0: 191802035},,,,,,,,,,,{0: 1918020350000},,,,,,,,,,,Overview,YEG,{0: '77070'},,,,,,"{0: ' - Năm 2006: Tiền thân là trang thông tin điện tử www.yeah1.com chuyên cung cấp thông tin giải trí cho giới trẻ được thành lập;  - Ngày 03/12/2007: Tăng vốn điều lệ lên 02 tỷ đồng;  - Năm 2008: Tăng vốn điều lệ lên 5.333.330.000 đồng và thành lập kênh truyền hình cung cấp thông tin giải trí Yeah1TV;  - Năm 2010: Tăng vốn điều lệ lên 30.659.740.000 đồng và mở thêm kênh Yeah1Family và kênh iMovieTV;  - Ngày 20/11/2013: Tăng vốn điều lệ lên 45 tỷ đồng;  - Ngày 17/04/2014: Tăng vốn điều lệ lên 65 tỷ đồng;  - Năm 2015: Tăng vốn điều lệ lên 100 tỷ đồng và trở thành đối tác đa kênh của YouTube;  - Năm 2017: Trở thành đối tác duy nhất của Google tại Việt Nam và khu vực Đông Nam Á thông qua Công ty con Netlink, cung cấp dịch vụ quảng cáo trực tuyến cho hơn 600 trang website toàn thế giới;  - Năm 2018: Mở rộng thị trường sang Thái Lan, Philippines và Indonesia và hợp tác với Universal Music để ra mắt kênh UNI Channel chuyên về hoạt động âm nhạc cho giới trẻ;  - Ngày 02/02/2018: Tăng vốn điều lệ lên 238 tỷ đồng;  - Ngày 19/06/2018: Niêm yết trên Sở Giao dịch Chứng khoán Thành phố Hồ Chí Minh (HOSE);  - Ngày 26/06/2018: Giao dịch trên Sở Giao dịch Chứng khoán Thành phố Hồ Chí Minh (HOSE);  - Ngày 29/08/2018: Tăng vốn điều lệ lên 312.799.680.000 đồng;  - Ngày 02/11/2023: Tăng vốn điều lệ lên 762.799.680.000 đồng;  - Ngày 11/01/2024: Tăng vốn điều lệ lên 1.313.532.640.000 đồng;  - Ngày 25/07/2024: Tăng vốn điều lệ lên 1.370.014.540.000 đồng;  - Ngày 21/03/2025: Tăng vốn điều lệ lên 1.918.020.350.000 đồng;'}","{0: 'Công ty Cổ phần Tập đoàn Yeah1 (YEG) có tiền thân là trang thông tin điện tử www.yeah1.com được thành lập vào năm 2006. Công ty hoạt động chính trong lĩnh vực cung cấp dịch vụ quảng cáo truyền hình, dịch vụ quảng cáo trên nền tảng kỹ thuật số, đại lý mua bán quảng cáo và bản quyền phim truyền hình, đầu tư, sản xuất hoặc marketing cho các bộ phim chiếu rạp. YEG hiện sở hữu và vận hành 4 kênh truyền hình trả tiền phủ sóng cả nước là Yeah1 TV, Yeah1 Family, iMovie TV và UNI Channel. Bên cạnh đó, Công ty còn đóng vai trò là đại lý mua bán các quảng cáo và bản quyền phim cho 16 đài truyền hình quốc gia, địa phương và các kênh truyền hình tư nhân ở Việt Nam. YEG được niêm yết và giao dịch trên Sở Giao dịch Chứng khoán Thành phố Hồ Chí Minh (HOSE) từ tháng 06/2018.'}",{0: 'Truyền thông'},{0: 'Truyền thông'},{0: 'Giải trí & Truyền thông'},{0: 191802035},,,,,,,,,,
,,,2025-10-05,,,,,,,,,,,,,,,,,,,,,,,,,,,,,,,,,,,,,,,,,,,Shareholders,YEG,93254847,,,,,16006480.0,,,,,,,PYN Elite Fund,0.0835,,,,,,,,
,,,2025-06-26,,,,,,,,,,,,,,,,,,,,,,,,,,,,,,,,,,,,,,,,,,,Shareholders,YEG,93228999,,,,,2458549.0,,,,,,,Ancla Asset Limited,0.0786,,,,,,,,
,,,2025-10-05,,,,,,,,,,,,,,,,,,,,,,,,,,,,,,,,,,,,,,,,,,,Shareholders,YEG,93240142,,,,,11049847.0,,,,,,,Lê Phương Thảo,0.0576,,,,,,,,
,,,2025-10-05,,,,,,,,,,,,,,,,,,,,,,,,,,,,,,,,,,,,,,,,,,,Shareholders,YEG,93230211,,,,,9567215.0,,,,,,,Chế Đoàn Viên,0.04988,,,,,,,,
,,,2025-10-05,,,,,,,,,,,,,,,,,,,,,,,,,,,,,,,,,,,,,,,,,,,Shareholders,YEG,93251454,,,,,3787790.0,,,,,,,Nguyễn Viết Cường,0.0497,,,,,,,,
,,,2025-10-05,,,,,,,,,,,,,,,,,,,,,,,,,,,,,,,,,,,,,,,,,,,Shareholders,YEG,93234476,,,,,6027000.0,,,,,,,Đào Phúc Trí,0.0459,,,,,,,,
,,,2024-08-23,,,,,,,,,,,,,,,,,,,,,,,,,,,,,,,,,,,,,,,,,,,Shareholders,YEG,93242202,,,,,1433840.0,,,,,,,Macquarie Bank Limited Obu,0.0458,,,,,,,,
,,,2024-08-23,,,,,,,,,,,,,,,,,,,,,,,,,,,,,,,,,,,,,,,,,,,Shareholders,YEG,93238045,,,,,910000.0,,,,,,,Hồ Ngọc Tấn,0.0308,,,,,,,,
,,,2025-10-05,,,,,,,,,,,,,,,,,,,,,,,,,,,,,,,,,,,,,,,,,,,Shareholders,YEG,93248132,,,,,5549830.0,,,,,,,Nguyễn Thị Khánh Hoà,0.0289,,,,,,,,
,,,2025-10-05,,,,,,,,,,,,,,,,,,,,,,,,,,,,,,,,,,,,,,,,,,,Shareholders,YEG,93252518,,,,,4170360.0,,,,,,,Phạm Minh Tiến,0.0217,,,,,,,,
,,,2025-10-05,,,,,,,,,,,,,,,,,,,,,,,,,,,,,,,,,,,,,,,,,,,Shareholders,YEG,93243137,,,,,1534413.0,,,,,,,Ngô Thị Vân Hạnh,0.008,,,,,,,,
,,,2025-10-05,,,,,,,,,,,,,,,,,,,,,,,,,,,,,,,,,,,,,,,,,,,Shareholders,YEG,93245094,,,,,247920.0,,,,,,,Nguyễn Hữu Thanh,0.0079,,,,,,,,
,,,2025-10-05,,,,,,,,,,,,,,,,,,,,,,,,,,,,,,,,,,,,,,,,,,,Shareholders,YEG,93241343,,,,,1233846.0,,,,,,,Lê Văn Lãnh,0.0064,,,,,,,,
,,,2025-10-05,,,,,,,,,,,,,,,,,,,,,,,,,,,,,,,,,,,,,,,,,,,Shareholders,YEG,93261125,,,,,79802.0,,,,,,,Võ Thái Phong,0.0027,,,,,,,,
,,,2025-10-05,,,,,,,,,,,,,,,,,,,,,,,,,,,,,,,,,,,,,,,,,,,Shareholders,YEG,93249589,,,,,75251.0,,,,,,,Nguyễn Thị Trúc Mai,0.0026,,,,,,,,
,,,2025-10-05,,,,,,,,,,,,,,,,,,,,,,,,,,,,,,,,,,,,,,,,,,,Shareholders,YEG,93244675,,,,,456122.0,,,,,,,Nguyễn Hoàng Linh,0.002378,,,,,,,,
,,,2025-10-31,,,,,,,,,,,,,,,,,,,,,,,,,,,,,,,,,,,,,,,,,,,Shareholders,YEG,93230437,,,,,223470.0,,,,,,,Công đoàn Công ty Cổ phần Tập đoàn Yeah1,0.0012,,,,,,,,
,,,2025-10-05,,,,,,,,,,,,,,,,,,,,,,,,,,,,,,,,,,,,,,,,,,,Shareholders,YEG,93245987,,,,,26087.0,,,,,,,Nguyễn Ngọc Hưng,0.0009,,,,,,,,
,,,2025-10-05,,,,,,,,,,,,,,,,,,,,,,,,,,,,,,,,,,,,,,,,,,,Shareholders,YEG,93252491,,,,,67158.0,,,,,,,Phạm Minh Hồng,0.00049,,,,,,,,
,,,2025-10-05,,,,,,,,,,,,,,,,,,,,,,,,,,,,,,,,,,,,,,,,,,,Shareholders,YEG,93258684,,,,,57130.0,,,,,,,Trần Thị Mỹ Duyên,0.0003,,,,,,,,
,,,2025-10-05,,,,,,,,,,,,,,,,,,,,,,,,,,,,,,,,,,,,,,,,,,,Shareholders,YEG,93251594,,,,,10111.0,,,,,,,Nguyễn Vũ Nghị,0.0003,,,,,,,,
,,,2025-10-05,,,,,,,,,,,,,,,,,,,,,,,,,,,,,,,,,,,,,,,,,,,Shareholders,YEG,93252437,,,,,53216.0,,,,,,,Phạm Lê Anh Thư,0.00028,,,,,,,,
,,,2025-10-05,,,,,,,,,,,,,,,,,,,,,,,,,,,,,,,,,,,,,,,,,,,Shareholders,YEG,93233937,,,,,42168.0,,,,,,,Đặng Phương Dung,0.0002,,,,,,,,
,,,2025-11-17,,,,,,,,,,,,,,,,,,,,,,,,,,,,,,,,,,,,,,,,,,,Shareholders,YEG,93248139,,,,,35470.0,,,,,,,Nguyễn Thị Khánh Trang,0.000185,,,,,,,,
,,,2025-10-05,,,,,,,,,,,,,,,,,,,,,,,,,,,,,,,,,,,,,,,,,,,Shareholders,YEG,93261794,,,,,35360.0,,,,,,,Vương Hồ Trí Dũng,0.000184,,,,,,,,
,,,2025-10-05,,,,,,,,,,,,,,,,,,,,,,,,,,,,,,,,,,,,,,,,,,,Shareholders,YEG,93250976,,,,,21080.0,,,,,,,Nguyễn Văn Nam,0.00011,,,,,,,,
,,,2025-10-05,,,,,,,,,,,,,,,,,,,,,,,,,,,,,,,,,,,,,,,,,,,Shareholders,YEG,93241708,,,,,1410.0,,,,,,,Loh Yean Wei Jason,4.6e-05,,,,,,,,
,,,2025-10-05,,,,,,,,,,,,,,,,,,,,,,,,,,,,,,,,,,,,,,,,,,,Shareholders,YEG,93243421,,,,,7.0,,,,,,,Nguyễn Anh Vũ,2.4e-07,,,,,,,,
YBM,2025.0,3.0,1761576641400,234462555469.0,0.37638311916991113,7127521851.0,2.9057284868736937,0.06014721154912976,0.1098538496,0.0796460078,0.0330004382,9.7292540089,1.0141835757,498.4322841170695,1.0173640883,0.0645695614,0.7364037865,-2.9703625644212863,3.400814374022349,1.4555287545523554,0.030426941322256793,0.37012789643918415,208778248000.0,14299880,0.243978217,2.200142503,14395.8158559373,6.8140633406,1.3159766862,2.8503925084,63.062352810220325,68.6940472014,66.6030931559,1500.6289266064,142998800000,0.5020369553,1.4395815855937253,2.400814374,0.0,78025774028.0,14089505746.0,2.1854950594,2.400814374,198.35949316752033,5.3134152793,RatioSummary,YBM,,,,,,,,,,,,,,,,,,,,,,
,,,2025-08-25,,,,,,,,,,,,,,,,,,,,,,,,,,,,,,,,,,,,,,,,,,,Officers,YBM,9,Đào Thị Dịu,Phụ trách Công bố thông tin/Kế toán trưởng,Phụ trách CBTT/Kế toán trưởng,0.035,500591.0,,,,,,,,,,,,,,,,
,,,2025-08-25,,,,,,,,,,,,,,,,,,,,,,,,,,,,,,,,,,,,,,,,,,,Officers,YBM,10,Lê Hoàn,Phó Giám đốc,Phó GĐ,0.0105,150000.0,,,,,,,,,,,,,,,,
,,,2025-08-25,,,,,,,,,,,,,,,,,,,,,,,,,,,,,,,,,,,,,,,,,,,Officers,YBM,5,Vũ Đức Hậu,Thành viên Hội đồng Quản trị/Giám đốc,TV HĐQT/GĐ,0.0074,105938.0,,,,,,,,,,,,,,,,
,,,2025-08-25,,,,,,,,,,,,,,,,,,,,,,,,,,,,,,,,,,,,,,,,,,,Officers,YBM,11,Nguyễn Thị Bưởi,Trưởng Ban Kiểm toán nội bộ ,Trưởng BKT nội bộ ,0.0037,52969.0,,,,,,,,,,,,,,,,
,,,2019-06-20,,,,,,,,,,,,,,,,,,,,,,,,,,,,,,,,,,,,,,,,,,,Officers,YBM,1,Nguyễn Đức Vũ,Thành viên Hội đồng Quản trị,TV HĐQT,3.1e-05,448.0,,,,,,,,,,,,,,,,
,,,2025-08-25,,,,,,,,,,,,,,,,,,,,,,,,,,,,,,,,,,,,,,,,,,,Officers,YBM,7,Nguyễn Văn Don,Trưởng Ban kiểm soát,Trưởng BKS,0.0,0.0,,,,,,,,,,,,,,,,
,,,2025-08-25,,,,,,,,,,,,,,,,,,,,,,,,,,,,,,,,,,,,,,,,,,,Officers,YBM,8,Lê Đình Chinh,Thành viên Ban kiểm soát,TV BKS,0.0,0.0,,,,,,,,,,,,,,,,
,,,2025-08-25,,,,,,,,,,,,,,,,,,,,,,,,,,,,,,,,,,,,,,,,,,,Officers,YBM,12,Vũ Thị Mai,Thành viên Ban Kiểm toán nội bộ,Thành viên BKT nội bộ,0.0,0.0,,,,,,,,,,,,,,,,
,,,2024-07-19,,,,,,,,,,,,,,,,,,,,,,,,,,,,,,,,,,,,,,,,,,,Officers,YBM,2,HOÀNG QUỐC HUY,Chủ tịch Hội đồng Quản trị,Chủ tịch HĐQT,0.0,0.0,,,,,,,,,,,,,,,,
,,,2025-03-13,,,,,,,,,,,,,,,,,,,,,,,,,,,,,,,,,,,,,,,,,,,Officers,YBM,3,Huỳnh Song Trà,Thành viên Hội đồng Quản trị,TV HĐQT,0.0,0.0,,,,,,,,,,,,,,,,
,,,2025-06-17,,,,,,,,,,,,,,,,,,,,,,,,,,,,,,,,,,,,,,,,,,,Officers,YBM,4,Mai Đình Đình,Thành viên Ban kiểm soát,TV BKS,0.0,0.0,,,,,,,,,,,,,,,,
,,,2025-08-25,,,,,,,,,,,,,,,,,,,,,,,,,,,,,,,,,,,,,,,,,,,Officers,YBM,6,Hoàng Anh Quân,Phó Giám đốc,Phó GĐ,0.0,0.0,,,,,,,,,,,,,,,,
{0: 'YBM'},,,,,,,,,,,,,,,,,,,,,,,,{0: 14299880},,,,,,,,,,,{0: 142998800000},,,,,,,,,,,Overview,YBM,{0: '77062'},,,,,,"{0: ' - Ngày 15/10/2015: Công ty Cổ phần Khoáng sản Công nghiệp Yên Bái được thành lập với vốn điều lệ là 35 tỷ đồng theo Giấy chứng nhận đăng ký kinh doanh số 5200824701 cấp lần đầu bởi Sở kế hoạch và Đầu tư tỉnh Yên Bái;  - Tháng 04/2017: Tăng vốn điều lệ lên 100 tỷ đồng;  - Tháng 05/2018: Tăng vốn điều lệ lên 129,99 tỷ đồng;  - Ngày 21/08/2018: Niêm yết trên Sở Giao dịch Chứng khoán Thành phố Hồ Chí Minh (HOSE);  - Ngày 01/11/2019: Tăng vốn điều lệ lên 142,99 tỷ đồng;'}","{0: 'Công ty Cổ phần Khoáng sản Công nghiệp Yên Bái (YBM) được thành lập vào năm 2015. Công ty hoạt động chính trong lĩnh vực sản xuất, khai thác, chế biến các loại khoáng sản, đặc biệt là các sản phẩm bột CaCO3 với nhiều kích thước khác nhau, để làm phụ gia trong các ngành công nghiệp sơn, nhựa, giấy, cao su,...YBM chính thức được niêm yết trên Sở Giao dịch Chứng khoán Thành phố Hồ Chí Minh (HOSE) từ tháng 08/2018.'}",{0: 'Khai khoáng'},{0: 'Tài nguyên Cơ bản'},{0: 'Khai khoáng'},{0: 14299880},,,,,,,,,,
,,,2025-10-05,,,,,,,,,,,,,,,,,,,,,,,,,,,,,,,,,,,,,,,,,,,Shareholders,YBM,93235925,,,,,3349179.0,,,,,,,Đỗ Thanh Sơn,0.2342,,,,,,,,
,,,2025-10-05,,,,,,,,,,,,,,,,,,,,,,,,,,,,,,,,,,,,,,,,,,,Shareholders,YBM,93231718,,,,,3289000.0,,,,,,,Công ty Cổ phần Nhựa Châu Âu,0.23,,,,,,,,
,,,2025-10-05,,,,,,,,,,,,,,,,,,,,,,,,,,,,,,,,,,,,,,,,,,,Shareholders,YBM,93234569,,,,,1647000.0,,,,,,,Đào Thị Thuận,0.1152,,,,,,,,
,,,2025-10-05,,,,,,,,,,,,,,,,,,,,,,,,,,,,,,,,,,,,,,,,,,,Shareholders,YBM,93237393,,,,,1233441.0,,,,,,,Hoàng Minh Hiếu,0.0863,,,,,,,,
,,,2025-10-13,,,,,,,,,,,,,,,,,,,,,,,,,,,,,,,,,,,,,,,,,,,Shareholders,YBM,93254271,,,,,1130674.0,,,,,,,Phan Thế Tùng,0.0791,,,,,,,,
,,,2025-10-05,,,,,,,,,,,,,,,,,,,,,,,,,,,,,,,,,,,,,,,,,,,Shareholders,YBM,93234511,,,,,500591.0,,,,,,,Đào Thị Dịu,0.035,,,,,,,,
,,,2025-10-05,,,,,,,,,,,,,,,,,,,,,,,,,,,,,,,,,,,,,,,,,,,Shareholders,YBM,93258833,,,,,220000.0,,,,,,,Trần Thị Thanh Thủy,0.015,,,,,,,,
,,,2025-10-05,,,,,,,,,,,,,,,,,,,,,,,,,,,,,,,,,,,,,,,,,,,Shareholders,YBM,93239686,,,,,150000.0,,,,,,,Lê Hoàn,0.0105,,,,,,,,
,,,2025-10-05,,,,,,,,,,,,,,,,,,,,,,,,,,,,,,,,,,,,,,,,,,,Shareholders,YBM,93249930,,,,,110000.0,,,,,,,Nguyễn Tiến Dũng,0.0077,,,,,,,,
,,,2025-10-05,,,,,,,,,,,,,,,,,,,,,,,,,,,,,,,,,,,,,,,,,,,Shareholders,YBM,93261489,,,,,105938.0,,,,,,,Vũ Đức Hậu,0.0074,,,,,,,,
,,,2025-10-05,,,,,,,,,,,,,,,,,,,,,,,,,,,,,,,,,,,,,,,,,,,Shareholders,YBM,93247558,,,,,52969.0,,,,,,,Nguyễn Thị Bưởi,0.0037,,,,,,,,
,,,2025-10-05,,,,,,,,,,,,,,,,,,,,,,,,,,,,,,,,,,,,,,,,,,,Shareholders,YBM,93248727,,,,,30000.0,,,,,,,Nguyễn Thị Ngọc Minh,0.0023,,,,,,,,
,,,2025-10-05,,,,,,,,,,,,,,,,,,,,,,,,,,,,,,,,,,,,,,,,,,,Shareholders,YBM,93258879,,,,,1200.0,,,,,,,Trần Thị Thu Hằng,0.0001,,,,,,,,
,,,2025-10-05,,,,,,,,,,,,,,,,,,,,,,,,,,,,,,,,,,,,,,,,,,,Shareholders,YBM,93237852,,,,,600.0,,,,,,,Hoàng Văn Thái,5e-05,,,,,,,,
,,,2025-10-05,,,,,,,,,,,,,,,,,,,,,,,,,,,,,,,,,,,,,,,,,,,Shareholders,YBM,93244363,,,,,448.0,,,,,,,Nguyễn Đức Vũ,3.1e-05,,,,,,,,
,,,2025-10-05,,,,,,,,,,,,,,,,,,,,,,,,,,,,,,,,,,,,,,,,,,,Shareholders,YBM,93237160,,,,,300.0,,,,,,,HÀ VĂN HÙNG,2.5e-05,,,,,,,,
YBC,2024.0,5.0,1748267045710,846783712063.0,-0.1224937651987617,14451903076.0,0.726144181433519,0.08666874926899604,0.1104238734,0.1026268658,0.011732573,7.7567638954,0.8145965604,1224.7375488135592,0.849113675,0.0087671372,0.504114789,-1.7628871589448811,9.958708825861287,4.675180151574566,0.017115383510635983,0.1219017722006043,112100000000.0,11800000,0.1327599889,11.2644698045,11662.2147233051,6.0019724952,0.6854986916,1.6156766044,151.60884583852064,113.6014461096,215.1118494563,1224.7375488136,118000000000,2.0555583575,1.1662214723305084,8.9587088259,0.0,113375420300.0,73181437236.0,6.2373127967999995,8.9587088259,480.3221414044207,3.2129872682,RatioSummary,YBC,,,,,,,,,,,,,,,,,,,,,,
,,,2023-02-24,,,,,,,,,,,,,,,,,,,,,,,,,,,,,,,,,,,,,,,,,,,Officers,YBC,4,Vũ Xuân Nguyên,Chủ tịch Hội đồng Quản trị,Chủ tịch HĐQT,0.1452,1709500.0,,,,,,,,,,,,,,,,
,,,2025-01-15,,,,,,,,,,,,,,,,,,,,,,,,,,,,,,,,,,,,,,,,,,,Officers,YBC,9,Phạm Quang Phú,Thành viên Hội đồng Quản trị/Giám đốc,TV HĐQT/GĐ,0.129,1519300.0,,,,,,,,,,,,,,,,
,,,2023-02-24,,,,,,,,,,,,,,,,,,,,,,,,,,,,,,,,,,,,,,,,,,,Officers,YBC,5,Nguyễn Quang Chiến,Trưởng Ban kiểm soát/Phụ trách Công bố thông tin,Trưởng BKS/Phụ trách CBTT,0.0015,13720.0,,,,,,,,,,,,,,,,
,,,2024-05-04,,,,,,,,,,,,,,,,,,,,,,,,,,,,,,,,,,,,,,,,,,,Officers,YBC,8,Tống Văn Tý,Thành viên Ban kiểm soát,TV BKS,0.0004,4100.0,,,,,,,,,,,,,,,,
,,,2019-05-06,,,,,,,,,,,,,,,,,,,,,,,,,,,,,,,,,,,,,,,,,,,Officers,YBC,3,Nguyễn Thị Nghiêm Chang,Thành viên Ban kiểm soát,TV BKS,0.0,0.0,,,,,,,,,,,,,,,,
,,,2015-09-14,,,,,,,,,,,,,,,,,,,,,,,,,,,,,,,,,,,,,,,,,,,Officers,YBC,1,Bùi Mạnh Cường,Phó Giám đốc,Phó GĐ,0.0,0.0,,,,,,,,,,,,,,,,
,,,2023-02-24,,,,,,,,,,,,,,,,,,,,,,,,,,,,,,,,,,,,,,,,,,,Officers,YBC,6,Đặng Văn Thắng,Phó Giám đốc,Phó GĐ,0.0,0.0,,,,,,,,,,,,,,,,
,,,2023-02-24,,,,,,,,,,,,,,,,,,,,,,,,,,,,,,,,,,,,,,,,,,,Officers,YBC,7,Nguyễn Đình Hoàng,Kế toán trưởng,Kế toán trưởng,0.0,0.0,,,,,,,,,,,,,,,,
,,,2015-09-14,,,,,,,,,,,,,,,,,,,,,,,,,,,,,,,,,,,,,,,,,,,Officers,YBC,2,Phạm Hữu Thạo,Thành viên Ban kiểm soát,TV BKS,0.0,0.0,,,,,,,,,,,,,,,,
{0: 'YBC'},,,,,,,,,,,,,,,,,,,,,,,,{0: 11800000},,,,,,,,,,,{0: 118000000000},,,,,,,,,,,Overview,YBC,{0: '77061'},,,,,,"{0: ' - Ngày 02/09/1980: Công ty Cổ phần Xi măng và Khoáng sản Yên Bái tiền thân là Nhà máy Xi măng Yên Bái được thành lập và đi vào hoạt động.  - Năm 2002: Công ty được trang bị thêm một dây chuyền mới nâng tổng công suất của Nhà máy xi măng lên 120.000 tấn/năm.  - Ngày 01/01/2004: Công ty chuyển sang hoạt động theo mô hình cổ phần.  - Năm 2004: Công ty đầu tư cải tạo nâng công suất Nhà máy Xi măng lên 150.000 tấn/năm.  - Tháng 12/2005: Công ty tăng vốn điều lệ lên 22,1 tỷ đồng.  - Năm 2007: Công ty chính thức đổi tên thành Công ty Cổ phần Xi măng và Khoáng sản Yên Bái.  - Ngày 12/05/2008: Cổ phiếu của công ty được chính thức niêm yết trên HNX.  - Tháng 03/2009: Công ty tăng vốn điều lệ từ 22 tỷ lên 48,4 tỷ đồng.  - Ngày 28/05/2014: Công ty bị hủy niêm yết trên sàn HNX do lỗ trong 3 năm liên tiếp.  - Ngày 25/06/2014: Công ty niêm yết cổ phiếu trên sàn UPCOM.  - Tính đến tháng 04/2015: Vốn điều lệ của công ty là 48,4 tỷ đồng.'}","{0: 'Công ty Cổ phần Xi măng và Khoáng sản Yên Bái (YBC) được thành lập từ năm 1980, với tiền thân là Nhà máy Xi măng Yên Bái. Công ty chuyên sản xuất và kinh doanh xi măng, khai thác, chế biến, kinh doanh và xuất khẩu khoáng sản. Sản phẩm chính của Công ty là Xi măng PCB30, PCB40 và Cacbonat canxi (CaCO3) các loại . Hiện công ty có 4 xí nghiệp trực thuộc, bao gồm: Nhà máy xi măng Yên Bái (công suất sản xuất 450.000 tấn clinker/năm tương đương 900.000 tấn xi măng/năm), Nhà máy chế biến CaCO3 (công suất 300.000 tấn sản phẩm/năm), xí nghiệp khai thác đá khai thác trên 2 mỏ với diện tích 19.67 ha, sản lượng khai thác hàng năm đạt trên 500.000 m3). Các sản phẩm của Công ty đã được xuất khẩu sang một số quốc gia như Thái Lan, Băng-la-đét, Ấn Độ, Hàn Quốc. Ngày 25/06/2014, YBC được giao dịch trên thị trường UPCOM.'}",{0: 'Xây dựng và Vật liệu'},{0: 'Xây dựng và Vật liệu'},{0: 'Vật liệu xây dựng & Nội thất'},{0: 11800000},,,,,,,,,,
,,,2025-10-05,,,,,,,,,,,,,,,,,,,,,,,,,,,,,,,,,,,,,,,,,,,Shareholders,YBC,93262511,,,,,1709500.0,,,,,,,Vũ Xuân Nguyên,0.1452,,,,,,,,
,,,2025-10-05,,,,,,,,,,,,,,,,,,,,,,,,,,,,,,,,,,,,,,,,,,,Shareholders,YBC,93252724,,,,,1519300.0,,,,,,,Phạm Quang Phú,0.129,,,,,,,,
,,,2025-10-05,,,,,,,,,,,,,,,,,,,,,,,,,,,,,,,,,,,,,,,,,,,Shareholders,YBC,93253890,,,,,1133885.0,,,,,,,Phạm Việt Thương,0.1259,,,,,,,,
,,,2025-10-05,,,,,,,,,,,,,,,,,,,,,,,,,,,,,,,,,,,,,,,,,,,Shareholders,YBC,93231228,,,,,971300.0,,,,,,,Công ty Cổ phần Đầu tư Thương mại Quốc tế Khánh An ,0.1079,,,,,,,,
,,,2025-10-05,,,,,,,,,,,,,,,,,,,,,,,,,,,,,,,,,,,,,,,,,,,Shareholders,YBC,93257479,,,,,300300.0,,,,,,,Trần Hoàng Diệu Linh,0.0517,,,,,,,,
,,,2015-09-14,,,,,,,,,,,,,,,,,,,,,,,,,,,,,,,,,,,,,,,,,,,Shareholders,YBC,93257945,,,,,282500.0,,,,,,,Trần Ngọc Tuấn,0.0486095935,,,,,,,,
,,,2015-06-15,,,,,,,,,,,,,,,,,,,,,,,,,,,,,,,,,,,,,,,,,,,Shareholders,YBC,93232083,,,,,200000.0,,,,,,,Công ty Cổ phần Tập đoàn Dầu khí An Pha,0.0413442675,,,,,,,,
,,,2015-09-14,,,,,,,,,,,,,,,,,,,,,,,,,,,,,,,,,,,,,,,,,,,Shareholders,YBC,93249823,,,,,234900.0,,,,,,,Nguyễn Thu Thủy,0.0404190921,,,,,,,,
,,,2015-09-14,,,,,,,,,,,,,,,,,,,,,,,,,,,,,,,,,,,,,,,,,,,Shareholders,YBC,93250406,,,,,14170.0,,,,,,,Nguyễn Tường Thuật,0.0024382227,,,,,,,,
,,,2025-10-05,,,,,,,,,,,,,,,,,,,,,,,,,,,,,,,,,,,,,,,,,,,Shareholders,YBC,93251169,,,,,26970.0,,,,,,,Nguyễn Văn Thắng,0.0023,,,,,,,,
,,,2025-10-05,,,,,,,,,,,,,,,,,,,,,,,,,,,,,,,,,,,,,,,,,,,Shareholders,YBC,93246370,,,,,13720.0,,,,,,,Nguyễn Quang Chiến,0.0015,,,,,,,,
,,,2025-10-05,,,,,,,,,,,,,,,,,,,,,,,,,,,,,,,,,,,,,,,,,,,Shareholders,YBC,93256980,,,,,4100.0,,,,,,,Tống Văn Tý,0.0004,,,,,,,,
XPH,2025.0,3.0,1761150473750,26257434631.0,1.5823828871542869,-1030559774.0,0.08494113879210353,-0.042458026641594156,-0.0115207104,-0.0515299862,-0.0111805818,-112.0916895322,1.2857770043,-79.44203199466563,10.0612651116,0.4535672379,6.5162242182,44.237022287171655,1.029613612193204,0.17310546359779352,-0.039480399907437215,0.12398876797807447,186803640000.0,12972475,1.9711558077,55.7694950887,11199.4536782688,-65.6130558349,0.6357946419,3.5859838711,53.34422091473905,91.8041356377,9.0041664018,-128.4662588288,129724750000,0.0,1.1199453678268796,0.0296136122,0.0,-2817308365.0,-1108284983.0,0.0,0.0296136122,154.15252295423906,3.975855744,RatioSummary,XPH,,,,,,,,,,,,,,,,,,,,,,
,,,2018-06-20,,,,,,,,,,,,,,,,,,,,,,,,,,,,,,,,,,,,,,,,,,,Officers,XPH,1,Nguyễn Tuấn Anh,Thành viên Hội đồng Quản trị,TV HĐQT,0.0,0.0,,,,,,,,,,,,,,,,
,,,2019-05-06,,,,,,,,,,,,,,,,,,,,,,,,,,,,,,,,,,,,,,,,,,,Officers,XPH,2,Nguyễn Thị Bích Phượng,Thành viên Ban kiểm soát,TV BKS,0.0,0.0,,,,,,,,,,,,,,,,
,,,2023-02-10,,,,,,,,,,,,,,,,,,,,,,,,,,,,,,,,,,,,,,,,,,,Officers,XPH,3,Phạm Đức Cường,Kế toán trưởng,Kế toán trưởng,0.0,0.0,,,,,,,,,,,,,,,,
,,,2023-06-01,,,,,,,,,,,,,,,,,,,,,,,,,,,,,,,,,,,,,,,,,,,Officers,XPH,4,Trần Anh Vũ,Chủ tịch Hội đồng Quản trị,Chủ tịch HĐQT,0.0,0.0,,,,,,,,,,,,,,,,
,,,2023-06-01,,,,,,,,,,,,,,,,,,,,,,,,,,,,,,,,,,,,,,,,,,,Officers,XPH,5,Nguyễn Thị Hồng Thúy,Trưởng Ban kiểm soát,Trưởng BKS,0.0,0.0,,,,,,,,,,,,,,,,
,,,2025-05-05,,,,,,,,,,,,,,,,,,,,,,,,,,,,,,,,,,,,,,,,,,,Officers,XPH,6,Lê Quang Hòa,Phó Giám đốc/Thành viên Hội đồng Quản trị,Phó GĐ/TV HĐQT,0.0,0.0,,,,,,,,,,,,,,,,
,,,2025-05-05,,,,,,,,,,,,,,,,,,,,,,,,,,,,,,,,,,,,,,,,,,,Officers,XPH,7,Mai Thị Khánh Tân,Thành viên Ban kiểm soát,TV BKS,0.0,0.0,,,,,,,,,,,,,,,,
,,,2025-08-07,,,,,,,,,,,,,,,,,,,,,,,,,,,,,,,,,,,,,,,,,,,Officers,XPH,8,Đỗ Huy Lập,Thành viên Hội đồng Quản trị/Giám đốc,TV HĐQT/GĐ,0.0,0.0,,,,,,,,,,,,,,,,
,,,2025-08-07,,,,,,,,,,,,,,,,,,,,,,,,,,,,,,,,,,,,,,,,,,,Officers,XPH,9,Đoàn Thị Thanh Hường,Thành viên Hội đồng Quản trị,TV HĐQT,0.0,0.0,,,,,,,,,,,,,,,,
{0: 'XPH'},,,,,,,,,,,,,,,,,,,,,,,,{0: 12972475},,,,,,,,,,,{0: 129724750000},,,,,,,,,,,Overview,XPH,{0: '76995'},,,,,,"{0: ' - 1960: Tiền thân của Công ty Cổ phần Xà phòng Hà Nội là Nhà máy Xà phòng Hà Nội được đi vào hoạt động;  - 1993: Nhà máy Xà phòng Hà Nội đã đổi tên thành Công ty Xà phòng Hà Nội;  - 1994: Công ty đã tiến hành liên doanh với Unilever;  - 2005: Công ty bắt đầu hoạt động theo mô hình công ty cổ phần với vốn điều lệ 58,4 tỷ đồng;  - 2012: Công ty tăng vốn điều lệ lên 129,7 tỷ đồng;  - 2014: Cổ phiếu của Công ty chính thức được giao dịch trên sàn UPCOM;  - Tính đến tháng 04/2015: Vốn điều lệ của công ty là 129,7 tỷ đồng.'}","{0: 'Công ty Cổ phần Xà phòng Hà Nội (XPH) có tiền thân là Nhà máy Xà phòng Hà Nội, được thành lập từ năm 1960. Công ty bắt đầu hoạt động theo mô hình công ty cổ phần năm 2005. Hoạt động kinh doanh chính của công ty là sản xuất, kinh doanh các sản phẩm tẩy rửa và các chất hoá học cơ bản. Một số sản phẩm tiêu biểu của công ty có thể kể đến nước giặt Power, nước rửa chén Kazoku, nước lau sàn Kazoku, nước tẩy đa năng Kazoku, xà phòng bánh Kea... Công ty sở hữu công nghệ xà phòng bánh 72% có công suất thiết kế hàng năm là 3.000 tấn. XPH chính thức được giao dịch trên sàn UPCOM năm 2014.'}",{0: 'Hàng cá nhân'},{0: 'Hàng cá nhân & Gia dụng'},{0: 'Hàng cá nhân'},{0: 12972475},,,,,,,,,,
,,,2025-10-05,,,,,,,,,,,,,,,,,,,,,,,,,,,,,,,,,,,,,,,,,,,Shareholders,XPH,93255898,,,,,10378030.0,,,,,,,Tập đoàn Hóa chất Việt Nam,0.800004,,,,,,,,
,,,2025-10-05,,,,,,,,,,,,,,,,,,,,,,,,,,,,,,,,,,,,,,,,,,,Shareholders,XPH,93260299,,,,,16083.0,,,,,,,Trương Văn Minh,0.00123978,,,,,,,,
,,,2025-10-05,,,,,,,,,,,,,,,,,,,,,,,,,,,,,,,,,,,,,,,,,,,Shareholders,XPH,93239508,,,,,12150.0,,,,,,,Lê Diệu Thúy,0.0009366,,,,,,,,
,,,2025-10-05,,,,,,,,,,,,,,,,,,,,,,,,,,,,,,,,,,,,,,,,,,,Shareholders,XPH,93242753,,,,,6433.0,,,,,,,Nghiêm Minh Long,0.0004959,,,,,,,,
,,,2015-09-14,,,,,,,,,,,,,,,,,,,,,,,,,,,,,,,,,,,,,,,,,,,Shareholders,XPH,93240200,,,,,2000.0,,,,,,,Lê Quang Tín,0.0001541725,,,,,,,,
,,,2025-10-05,,,,,,,,,,,,,,,,,,,,,,,,,,,,,,,,,,,,,,,,,,,Shareholders,XPH,93236150,,,,,2000.0,,,,,,,Đỗ Thúy Ngọc,0.00015417,,,,,,,,
,,,2025-10-05,,,,,,,,,,,,,,,,,,,,,,,,,,,,,,,,,,,,,,,,,,,Shareholders,XPH,93239662,,,,,1386.0,,,,,,,Lê Hải Sơn,0.00010684,,,,,,,,
,,,2025-10-05,,,,,,,,,,,,,,,,,,,,,,,,,,,,,,,,,,,,,,,,,,,Shareholders,XPH,93239753,,,,,88.0,,,,,,,Lê Hồng Sơn,6.78e-06,,,,,,,,
XMP,2025.0,3.0,1761040692220,14996932696.0,0.06909674304763311,2744878250.0,0.8699177655574242,0.42741002489860075,0.1474695286,0.1232146909,0.0697705078,9.6250442332,1.4249339601,182.99188333333333,0.1864921408,0.03208674,0.1546550974,-1.737373907172966,2.0768762918970056,1.963995547368999,0.18302931043573445,0.4847185486762153,255000000000.0,15000000,3.2679487879,5.5038404544,11930.3774601333,6.7719912993,0.2054941087,0.2175473801,50.94905984977285,26.1330219647,15.3180247826,1766.2256492667,150000000000,0.6828543115,1.1930377460133332,1.0768762919,0.0,63396612570.0,6409839377.0,1.6696005366,1.0768762919,92.40010659707285,13.9670031462,RatioSummary,XMP,,,,,,,,,,,,,,,,,,,,,,
,,,2024-09-19,,,,,,,,,,,,,,,,,,,,,,,,,,,,,,,,,,,,,,,,,,,Officers,XMP,1,Lê Văn Thủy,Thành viên Hội đồng Quản trị,TV HĐQT,0.02,300000.0,,,,,,,,,,,,,,,,
,,,2025-04-03,,,,,,,,,,,,,,,,,,,,,,,,,,,,,,,,,,,,,,,,,,,Officers,XMP,2,Đinh Thị Hạnh,Trưởng Ban kiểm soát,Trưởng BKS,0.0,0.0,,,,,,,,,,,,,,,,
,,,2025-04-28,,,,,,,,,,,,,,,,,,,,,,,,,,,,,,,,,,,,,,,,,,,Officers,XMP,3,Nguyễn Hồ Ngọc,Thành viên Ban kiểm soát,TV BKS,0.0,0.0,,,,,,,,,,,,,,,,
,,,2025-08-07,,,,,,,,,,,,,,,,,,,,,,,,,,,,,,,,,,,,,,,,,,,Officers,XMP,4,Nguyễn Thị Thanh Thủy,Thành viên Hội đồng Quản trị,TV HĐQT,0.0,0.0,,,,,,,,,,,,,,,,
,,,2025-08-07,,,,,,,,,,,,,,,,,,,,,,,,,,,,,,,,,,,,,,,,,,,Officers,XMP,5,Phạm Văn Minh,Thành viên Hội đồng Quản trị,TV HĐQT,0.0,0.0,,,,,,,,,,,,,,,,
,,,2025-08-07,,,,,,,,,,,,,,,,,,,,,,,,,,,,,,,,,,,,,,,,,,,Officers,XMP,6,TRẦN XUÂN NINH,Thành viên Ban kiểm soát,TV BKS,0.0,0.0,,,,,,,,,,,,,,,,
,,,2025-08-07,,,,,,,,,,,,,,,,,,,,,,,,,,,,,,,,,,,,,,,,,,,Officers,XMP,7,Đinh Thùy Lâm,Kế toán trưởng,Kế toán trưởng,0.0,0.0,,,,,,,,,,,,,,,,
,,,2025-08-07,,,,,,,,,,,,,,,,,,,,,,,,,,,,,,,,,,,,,,,,,,,Officers,XMP,8,Phạm Quang Minh,Tổng Giám đốc,TGĐ,0.0,0.0,,,,,,,,,,,,,,,,
,,,2025-10-16,,,,,,,,,,,,,,,,,,,,,,,,,,,,,,,,,,,,,,,,,,,Officers,XMP,9,Nguyễn Thị Hà Ninh,Thành viên Hội đồng Quản trị,TV HĐQT,0.0,0.0,,,,,,,,,,,,,,,,
,,,2025-11-18,,,,,,,,,,,,,,,,,,,,,,,,,,,,,,,,,,,,,,,,,,,Officers,XMP,10,Trịnh Nguyên Khánh,Chủ tịch Hội đồng Quản trị,Chủ tịch HĐQT,0.0,0.0,,,,,,,,,,,,,,,,
{0: 'XMP'},,,,,,,,,,,,,,,,,,,,,,,,{0: 15000000},,,,,,,,,,,{0: 150000000000},,,,,,,,,,,Overview,XMP,{0: '77048'},,,,,,"{0: ' - Ngày 28/12/2008: Dự án Thủy điện Xuân Minh được UBND Tỉnh Thanh Hóa chấp nhận khảo sát, nghiên cứu khả năng đầu tư xây dựng tại văn bản số 5869/UBND-CN.  - Ngày 03/10/2014: Công ty Cổ phần Thủy điện Xuân Minh chính thức được thành lập theo Giấy đăng ký doanh nghiệp số 2802200078, với số vốn điều lệ đăng ký là 150 tỷ đồng.  - Ngày 13/10/2020: Chấp thuận trở thành Công ty đại chúng.  - Ngày 16/08/2021: Chính thức giao dịch trên thị trường UPCOM;'}","{0: 'Công ty Cổ phần Thủy điện Xuân Minh (XMP), chính thức được thành lập năm 2014. Lĩnh vực kinh doanh chính của Công ty là sản xuất và phân phối điện. XMP hiện đang quản lý và điều hành Nhà máy Thủy điện Xuân Minh với 2 tổ máy công suất điện đạt 15MW, sản lượng điện trung bình năm đạt 66 triệu kWh. Ngày 16/08/2021, XMP chính thức giao dịch trên thị trường UPCOM.'}",{0: 'Sản xuất & Phân phối Điện'},"{0: 'Điện, nước & xăng dầu khí đốt'}",{0: 'Sản xuất & Phân phối Điện'},{0: 15000000},,,,,,,,,,
,,,2025-10-05,,,,,,,,,,,,,,,,,,,,,,,,,,,,,,,,,,,,,,,,,,,Shareholders,XMP,93232479,,,,,7650000.0,,,,,,,Công ty Cổ phần Xây dựng và Năng lượng VCP,0.51,,,,,,,,
,,,2025-10-05,,,,,,,,,,,,,,,,,,,,,,,,,,,,,,,,,,,,,,,,,,,Shareholders,XMP,93232238,,,,,2590000.0,,,,,,,Công ty Cổ Phần Thép Và Vật Tư Công Nghiệp,0.1727,,,,,,,,
,,,2025-10-05,,,,,,,,,,,,,,,,,,,,,,,,,,,,,,,,,,,,,,,,,,,Shareholders,XMP,93241472,,,,,300000.0,,,,,,,Lê Văn Thủy,0.02,,,,,,,,
,,,2025-10-05,,,,,,,,,,,,,,,,,,,,,,,,,,,,,,,,,,,,,,,,,,,Shareholders,XMP,93252044,,,,,218714.0,,,,,,,Phạm Bảo Long,0.0145809,,,,,,,,
,,,2025-10-05,,,,,,,,,,,,,,,,,,,,,,,,,,,,,,,,,,,,,,,,,,,Shareholders,XMP,93234986,,,,,149400.0,,,,,,,Đinh Thái Hà,0.00996,,,,,,,,
,,,2025-10-05,,,,,,,,,,,,,,,,,,,,,,,,,,,,,,,,,,,,,,,,,,,Shareholders,XMP,93237677,,,,,100000.0,,,,,,,Hoàng Thị Thu Hiền,0.0066667,,,,,,,,
XMD,2024.0,5.0,1741968153410,138464992442.0,0.36012094368619957,3216894899.0,2.425670323104611,0.030163290701434666,0.0786958293,0.0884210315,0.039341837,7.4618539783,0.5649857746,804.22372475,1.690049541,0.0781918021,1.1800136104,-4.836328733037552,1.8822861194994513,0.37899590151570667,0.02323255028051576,0.07372354455784891,24004000000.0,4000000,0.1733578977,1.4808601519,10621.506363,3.6361219909,1.6933929558,8.1755741232,112.96848854043472,53.1522266549,51.0898603707,804.22372475,40000000000,0.0115482678,1.0621506363,0.8822861195,0.0,7112040291.0,4176559819.0,0.12332357449999999,0.8822861195,217.21057556603472,6.8670688506,RatioSummary,XMD,,,,,,,,,,,,,,,,,,,,,,
,,,2025-08-05,,,,,,,,,,,,,,,,,,,,,,,,,,,,,,,,,,,,,,,,,,,Officers,XMD,7,Trần Thanh Hải,Thành viên Hội đồng Quản trị/Giám đốc,TV HĐQT/GĐ,0.0026,10400.0,,,,,,,,,,,,,,,,
,,,2023-06-20,,,,,,,,,,,,,,,,,,,,,,,,,,,,,,,,,,,,,,,,,,,Officers,XMD,4,Nguyễn Ngọc Phượng,Kế toán trưởng,Kế toán trưởng,0.00228,9100.0,,,,,,,,,,,,,,,,
,,,2025-09-23,,,,,,,,,,,,,,,,,,,,,,,,,,,,,,,,,,,,,,,,,,,Officers,XMD,8,Trần Duy Tình,Phó Giám đốc,Phó GĐ,0.00088,3500.0,,,,,,,,,,,,,,,,
,,,2018-04-13,,,,,,,,,,,,,,,,,,,,,,,,,,,,,,,,,,,,,,,,,,,Officers,XMD,2,Nguyễn Cao Thắng,Thành viên Hội đồng Quản trị,TV HĐQT,1.8e-05,7000.0,,,,,,,,,,,,,,,,
,,,2025-04-18,,,,,,,,,,,,,,,,,,,,,,,,,,,,,,,,,,,,,,,,,,,Officers,XMD,5,Đặng Việt Đức,Thành viên Ban kiểm soát,TV BKS,0.0,0.0,,,,,,,,,,,,,,,,
,,,2021-05-15,,,,,,,,,,,,,,,,,,,,,,,,,,,,,,,,,,,,,,,,,,,Officers,XMD,3,Lê Thị Ngọc Diệp,Thành viên Ban kiểm soát,TV BKS,0.0,0.0,,,,,,,,,,,,,,,,
,,,2018-04-13,,,,,,,,,,,,,,,,,,,,,,,,,,,,,,,,,,,,,,,,,,,Officers,XMD,1,Nguyễn Đức Ứng,Chủ tịch Hội đồng Quản trị,Chủ tịch HĐQT,0.0,0.0,,,,,,,,,,,,,,,,
,,,2025-08-05,,,,,,,,,,,,,,,,,,,,,,,,,,,,,,,,,,,,,,,,,,,Officers,XMD,6,Nguyễn Đức Thảo,Thành viên Ban kiểm soát,TV BKS,0.0,0.0,,,,,,,,,,,,,,,,
{0: 'XMD'},,,,,,,,,,,,,,,,,,,,,,,,{0: 4000000},,,,,,,,,,,{0: 40000000000},,,,,,,,,,,Overview,XMD,{0: '76963'},,,,,,"{0: ' - 2004: Tiền thân là Công ty cổ phần Bê tông và Xây dựng Vinaconex Xuân Mai \xad\xad - Chi nhánh Vĩnh Phúc được thành lập;  - 2008: Cổ phần hóa và đổi tên thành Công ty Cổ phần Xuân Mai  - Đạo Tú (XMD) và vốn điều lệ ban đầu là 21,5 tỷ đồng;  - 2010: Tăng vốn điều lệ lên 40 tỷ đồng;  - Ngày 25/12/2015: Giao dịch trên thị trường UPCOM;'}","{0: 'Công ty Cổ phần Xuân Mai  - Đạo Tú (XMD) tiền thân là Công ty cổ phần Bê tông và Xây dựng Vinaconex Xuân Mai  - Chi nhánh Vĩnh Phúc hoạt động chủ yếu trong lĩnh vực sản xuất và kinh doanh vật liệu xây dựng với sản phẩm chính là cấu kiện bê tông đúc sẵn, bê tông thương phẩm, cung cấp cho thị trường Hà Nội, Vĩnh Phúc và một số tỉnh thành miền Bắc Việt Nam. Công ty được chính thức cổ phần hóa và chuyển đổi hoạt động sang hình thức công ty cổ phần từ năm 2008. XMD được giao dịch trên thị trường UPCOM từ cuối năm 2015.'}",{0: 'Xây dựng và Vật liệu'},{0: 'Xây dựng và Vật liệu'},{0: 'Vật liệu xây dựng & Nội thất'},{0: 4000000},,,,,,,,,,
,,,2025-10-05,,,,,,,,,,,,,,,,,,,,,,,,,,,,,,,,,,,,,,,,,,,Shareholders,XMD,93231333,,,,,3455550.0,,,,,,,Công ty cổ phần Đầu tư và Xây dựng Xuân Mai,0.8639,,,,,,,,
,,,2025-10-05,,,,,,,,,,,,,,,,,,,,,,,,,,,,,,,,,,,,,,,,,,,Shareholders,XMD,93240700,,,,,51100.0,,,,,,,Lê Thị Linh,0.012775,,,,,,,,
,,,2025-10-05,,,,,,,,,,,,,,,,,,,,,,,,,,,,,,,,,,,,,,,,,,,Shareholders,XMD,93252744,,,,,32900.0,,,,,,,Phạm Quang Tuyến,0.0082,,,,,,,,
,,,2025-10-05,,,,,,,,,,,,,,,,,,,,,,,,,,,,,,,,,,,,,,,,,,,Shareholders,XMD,93239894,,,,,12000.0,,,,,,,Lê Mạnh Hùng,0.003,,,,,,,,
,,,2025-10-05,,,,,,,,,,,,,,,,,,,,,,,,,,,,,,,,,,,,,,,,,,,Shareholders,XMD,93258271,,,,,10400.0,,,,,,,Trần Thanh Hải,0.0026,,,,,,,,
,,,2025-10-05,,,,,,,,,,,,,,,,,,,,,,,,,,,,,,,,,,,,,,,,,,,Shareholders,XMD,93246051,,,,,9100.0,,,,,,,Nguyễn Ngọc Phượng,0.00228,,,,,,,,
,,,2025-10-05,,,,,,,,,,,,,,,,,,,,,,,,,,,,,,,,,,,,,,,,,,,Shareholders,XMD,93257412,,,,,3500.0,,,,,,,Trần Duy Tình,0.00088,,,,,,,,
,,,2022-04-08,,,,,,,,,,,,,,,,,,,,,,,,,,,,,,,,,,,,,,,,,,,Shareholders,XMD,93243612,,,,,7000.0,,,,,,,Nguyễn Cao Thắng,1.8e-05,,,,,,,,
XMC,2025.0,3.0,1762339920773,622888697431.0,1.1345315919071346,6617376794.0,18.387136334167128,0.03884235142455787,0.0180928742,0.0284461626,0.0049754637,40.8658523839,0.7319523152,92.67524752034304,0.9852187568,0.057914647,0.5699156201,-1.3752532179085852,3.833901661241082,0.259742192085939,0.010623690590778515,0.09694655260411,641849917781.0,71403929,0.3624319839,-9.5462861238,12280.8546581099,18.6400524962,0.5610061354,7.6325088779,213.633752106344,213.836872817,100.7572294441,219.9635998182,714056890000,0.3051894809,1.2567453189801165,2.8339016612,0.0,109982342437.0,24194461684.0,1.9934732141,2.8339016612,528.227854367444,1.7069086131,RatioSummary,XMC,,,,,,,,,,,,,,,,,,,,,,
,,,2025-08-13,,,,,,,,,,,,,,,,,,,,,,,,,,,,,,,,,,,,,,,,,,,Officers,XMC,9,Bùi Khắc Sơn,Chủ tịch Hội đồng Quản trị,Chủ tịch HĐQT,0.1999,14276875.0,,,,,,,,,,,,,,,,
,,,2024-09-12,,,,,,,,,,,,,,,,,,,,,,,,,,,,,,,,,,,,,,,,,,,Officers,XMC,7,Nguyễn Thọ Phùng,Thành viên Hội đồng Quản trị,TV HĐQT,0.0369,2635125.0,,,,,,,,,,,,,,,,
,,,2025-08-13,,,,,,,,,,,,,,,,,,,,,,,,,,,,,,,,,,,,,,,,,,,Officers,XMC,10,Nguyễn Cao Thắng,Phụ trách Công bố thông tin/Tổng Giám đốc,Phụ trách CBTT/TGĐ,0.0036,254888.0,,,,,,,,,,,,,,,,
,,,2025-08-01,,,,,,,,,,,,,,,,,,,,,,,,,,,,,,,,,,,,,,,,,,,Officers,XMC,8,Kim Mạnh Hà,Thành viên Hội đồng Quản trị,TV HĐQT,0.0015,100000.0,,,,,,,,,,,,,,,,
,,,2019-04-11,,,,,,,,,,,,,,,,,,,,,,,,,,,,,,,,,,,,,,,,,,,Officers,XMC,2,Mai Văn Định,Kế toán trưởng,Kế toán trưởng,0.0012,69300.0,,,,,,,,,,,,,,,,
,,,2023-04-14,,,,,,,,,,,,,,,,,,,,,,,,,,,,,,,,,,,,,,,,,,,Officers,XMC,3,Đinh Viết Long,Phó Tổng Giám đốc,Phó TGĐ,0.0012,80000.0,,,,,,,,,,,,,,,,
,,,2025-09-23,,,,,,,,,,,,,,,,,,,,,,,,,,,,,,,,,,,,,,,,,,,Officers,XMC,14,Dương Anh Tuấn,Phó Tổng Giám đốc,Phó TGĐ,0.0002,14851.0,,,,,,,,,,,,,,,,
,,,2024-04-26,,,,,,,,,,,,,,,,,,,,,,,,,,,,,,,,,,,,,,,,,,,Officers,XMC,6,Nguyễn Minh Đức,Trưởng Ban kiểm soát,Trưởng BKS,0.00018872,13475.0,,,,,,,,,,,,,,,,
,,,2024-04-26,,,,,,,,,,,,,,,,,,,,,,,,,,,,,,,,,,,,,,,,,,,Officers,XMC,5,Nguyễn Đức Cử,Phó Chủ tịch Hội đồng Quản trị,Phó Chủ tịch HĐQT,0.0,0.0,,,,,,,,,,,,,,,,
,,,2023-04-20,,,,,,,,,,,,,,,,,,,,,,,,,,,,,,,,,,,,,,,,,,,Officers,XMC,4,LƯƠNG ANH TUẤN,Thành viên Ban kiểm soát,TV BKS,0.0,0.0,,,,,,,,,,,,,,,,
,,,2025-08-13,,,,,,,,,,,,,,,,,,,,,,,,,,,,,,,,,,,,,,,,,,,Officers,XMC,11,Phạm Thị Thanh Huyền,Thành viên Ban kiểm soát,TV BKS,0.0,0.0,,,,,,,,,,,,,,,,
,,,2025-08-13,,,,,,,,,,,,,,,,,,,,,,,,,,,,,,,,,,,,,,,,,,,Officers,XMC,12,Hoàng Văn Phong,Phó Tổng Giám đốc,Phó TGĐ,0.0,0.0,,,,,,,,,,,,,,,,
,,,2025-08-13,,,,,,,,,,,,,,,,,,,,,,,,,,,,,,,,,,,,,,,,,,,Officers,XMC,13,Đỗ Thị Huệ,Thành viên Hội đồng Quản trị,TV HĐQT,0.0,0.0,,,,,,,,,,,,,,,,
,,,2019-04-11,,,,,,,,,,,,,,,,,,,,,,,,,,,,,,,,,,,,,,,,,,,Officers,XMC,1,Lê Trung Thắng,Phó Tổng Giám đốc,Phó TGĐ,0.0,0.0,,,,,,,,,,,,,,,,
,,,,,,,,,,,,,,,,,,,,,,,,,,,,,,,,,,,,,,,,,,,,,,Subsidiaries,XMC,26376691,,,,,,,,,,,,,,,,,,3702940137,1.0,Công ty TNHH MTV Xuân Mai Bình Dương,công ty con
,,,,,,,,,,,,,,,,,,,,,,,,,,,,,,,,,,,,,,,,,,,,,,Subsidiaries,XMC,26376692,,,,,,,,,,,,,,,,,,XMCONCRETE,1.0,Công ty TNHH MTV Bê Tông Xuân Mai,công ty con
,,,,,,,,,,,,,,,,,,,,,,,,,,,,,,,,,,,,,,,,,,,,,,Subsidiaries,XMC,26376693,,,,,,,,,,,,,,,,,,XMD,0.8639,Công ty Cổ phần Xuân Mai - Đạo Tú,công ty con
,,,,,,,,,,,,,,,,,,,,,,,,,,,,,,,,,,,,,,,,,,,,,,Subsidiaries,XMC,26376694,,,,,,,,,,,,,,,,,,XMHCO,0.9889,Công ty CP Đầu Tư Và Kinh Doanh Bất Động Sản Xuân Mai,công ty con
,,,,,,,,,,,,,,,,,,,,,,,,,,,,,,,,,,,,,,,,,,,,,,Subsidiaries,XMC,26376695,,,,,,,,,,,,,,,,,,XMLCO,0.8353,Công ty Cổ Phần Xây Lắp Xuân Mai,công ty con
,,,,,,,,,,,,,,,,,,,,,,,,,,,,,,,,,,,,,,,,,,,,,,Subsidiaries,XMC,26376696,,,,,,,,,,,,,,,,,,XMMECHA,0.97,Công ty Cổ Phần Cơ Điện Xuân Mai,công ty con
,,,,,,,,,,,,,,,,,,,,,,,,,,,,,,,,,,,,,,,,,,,,,,Subsidiaries,XMC,26376697,,,,,,,,,,,,,,,,,,XMTCO,0.8654,Công ty Cổ Phần Tư Vấn Thiết Kế Xuân Mai,công ty con
,,,,,,,,,,,,,,,,,,,,,,,,,,,,,,,,,,,,,,,,,,,,,,Subsidiaries,XMC,26376698,,,,,,,,,,,,,,,,,,XMTHANHHOA,0.4204,Công Ty Cổ Phần Xuân Mai Thanh Hóa,công ty con
,,,,,,,,,,,,,,,,,,,,,,,,,,,,,,,,,,,,,,,,,,,,,,Subsidiaries,XMC,26376699,,,,,,,,,,,,,,,,,,XMTRANS,0.7778,Công ty Cổ Phần Cơ Giới Vận Tải Xuân Mai,công ty con
,,,,,,,,,,,,,,,,,,,,,,,,,,,,,,,,,,,,,,,,,,,,,,Subsidiaries,XMC,26376700,,,,,,,,,,,,,,,,,,ESCO,0.3913,Công ty Cổ Phần Tư Vấn Và Dịch Vụ Kỹ Thuật Điện,công ty liên kết
,,,,,,,,,,,,,,,,,,,,,,,,,,,,,,,,,,,,,,,,,,,,,,Subsidiaries,XMC,26376701,,,,,,,,,,,,,,,,,,SONANUDI,0.321,Công ty Cổ Phần Đầu Tư Phát Triển Đô Thị Sơn An,công ty liên kết
,,,,,,,,,,,,,,,,,,,,,,,,,,,,,,,,,,,,,,,,,,,,,,Subsidiaries,XMC,26376702,,,,,,,,,,,,,,,,,,XMDN,0.49,Công Ty Cổ Phần Xuân Mai Đà Nẵng,công ty liên kết
,,,,,,,,,,,,,,,,,,,,,,,,,,,,,,,,,,,,,,,,,,,,,,Subsidiaries,XMC,26376703,,,,,,,,,,,,,,,,,,XMMN,0.49,Công Ty Cổ Phần Bê Tông Xuân Mai Miền Nam,công ty liên kết
,,,,,,,,,,,,,,,,,,,,,,,,,,,,,,,,,,,,,,,,,,,,,,Subsidiaries,XMC,26376704,,,,,,,,,,,,,,,,,,XMTHANHHOA,0.4204,Công Ty Cổ Phần Xuân Mai Thanh Hóa,công ty liên kết
{0: 'XMC'},,,,,,,,,,,,,,,,,,,,,,,,{0: 71405689},,,,,,,,,,,{0: 714056890000},,,,,,,,,,,Overview,XMC,{0: '76957'},,,,,,"{0: ' - Ngày 29/11/1983: Nhà máy Bê tông tấm lớn Xuân Mai được thành lập.  - Năm 1996: Đổi tên thành Nhà máy Bê tông và Xây dựng Xuân Mai.  - Năm 2003: Chuyển đổi thành Công ty Cổ phần Bê tông và Xây dựng Vinaconex Xuân Mai với vốn điều lệ ban đầu là 18 tỷ đồng.  - Năm 2005: XMC là đơn vị đầu tiên và duy nhất nhận “Giải thưởng Nhà nước về Khoa học công nghệ”.  - Ngày 14/12/2007: Trở thành công ty đại chúng.  - Năm 2007: Tăng vốn điều lệ lên 100 tỷ đồng và niêm yết trên Sở Giao dịch Chứng khóa Hà Nội (HNX) (mã chứng khoán: XMC).  - Năm 2010: Tăng vốn điều lệ lên 151,7 tỷ đồng.  - Năm 2013: Tái cấu trúc công ty và hủy niêm yết trên HNX.  - Năm 2014: Đổi tên thành Công ty Cổ phần Đầu tư và Xây dựng Xuân Mai (Xuan Mai Corp) với vốn điều lệ là 199,982 tỷ đồng.  - Năm 2015: XMC hợp tác với công ty Rieckerman – Đức để nhận chuyển giao công nghệ tấm tường rỗng tiền chế Acotec và lắp đặt dây chuyền sản xuất với trạm trộn của Công ty Frumecar – Tây Ban Nha.  - Năm 2017: Tăng vốn điều lệ lên 399.9 tỷ đồng.  - Năm 2018: Tăng vốn điều lệ lên 549.9 tỷ đồng.  - Ngày 28/06/2019: Giao dịch trên thị trường UPCOM.  - Ngày 10/07/2019: Tăng vốn điều lệ lên 577.411 tỷ đồng.  - Ngày 07/04/2020: Tăng vốn điều lệ lên 673,643 tỷ đồng.  - Ngày 27/03/2024: Tăng vốn điều lệ lên 714,056 tỷ đồng.'}","{0: 'Công ty Cổ phần Đầu tư và xây dựng Xuân Mai (XMC) tiền thân là Nhà máy Bê tông tấm lớn Xuân Mai, được thành lập vào năm 1983. XMC chính thức hoạt động theo mô hình công ty cổ phần từ năm 2003. Công ty hoạt động trong lĩnh vực tư vấn thiết kế, thi công xây lắp công trình, sản xuất công nghiệp, vật liệu xây dựng và đầu tư kinh doanh bất động sản. Công ty đã xây dựng mạng lưới cung ứng dịch vụ hoàn chỉnh từ khâu từ vấn thiết kế, cung ứng vật tư đến thi công xây lắp, để có đầy đủ năng lực để thực hiện vai trò nhà thầu EPC cũng như đầu tư phát triển và kinh doanh bất động sản. Các công trình XMC đã thực hiện thi công bao gồm Marina Square Phú Quốc, Eco Dream, Eco Green Sài Gòn, khách sạn chung cư Royal Park Bắc Ninh,... XMC được giao dịch trên thị trường UPCOM từ cuối tháng 06/2019.'}",{0: 'Xây dựng và Vật liệu'},{0: 'Xây dựng và Vật liệu'},{0: 'Vật liệu xây dựng & Nội thất'},{0: 71403929},,,,,,,,,,
,,,2025-03-10,,,,,,,,,,,,,,,,,,,,,,,,,,,,,,,,,,,,,,,,,,,Shareholders,XMC,93232964,,,,,10200000.0,,,,,,,Công ty TNHH Kiên Hùng,0.51004488,,,,,,,,
,,,2025-10-05,,,,,,,,,,,,,,,,,,,,,,,,,,,,,,,,,,,,,,,,,,,Shareholders,XMC,93245789,,,,,16779110.0,,,,,,,Nguyễn Minh Trang,0.23498861,,,,,,,,
,,,2025-10-05,,,,,,,,,,,,,,,,,,,,,,,,,,,,,,,,,,,,,,,,,,,Shareholders,XMC,93235079,,,,,16485781.0,,,,,,,Đinh Thị Thanh Hà,0.2309,,,,,,,,
,,,2025-10-05,,,,,,,,,,,,,,,,,,,,,,,,,,,,,,,,,,,,,,,,,,,Shareholders,XMC,93229356,,,,,14276875.0,,,,,,,Bùi Khắc Sơn,0.1999,,,,,,,,
,,,2025-10-05,,,,,,,,,,,,,,,,,,,,,,,,,,,,,,,,,,,,,,,,,,,Shareholders,XMC,93246334,,,,,6515162.0,,,,,,,Nguyễn Phương Lan,0.0967,,,,,,,,
,,,2025-10-05,,,,,,,,,,,,,,,,,,,,,,,,,,,,,,,,,,,,,,,,,,,Shareholders,XMC,93249353,,,,,5318500.0,,,,,,,Nguyễn Thị Thu Huyền,0.0967,,,,,,,,
,,,2025-10-05,,,,,,,,,,,,,,,,,,,,,,,,,,,,,,,,,,,,,,,,,,,Shareholders,XMC,93235181,,,,,3676691.0,,,,,,,Đinh Văn Quân,0.0515,,,,,,,,
,,,2025-10-05,,,,,,,,,,,,,,,,,,,,,,,,,,,,,,,,,,,,,,,,,,,Shareholders,XMC,93249754,,,,,2635125.0,,,,,,,Nguyễn Thọ Phùng,0.0369,,,,,,,,
,,,2025-03-10,,,,,,,,,,,,,,,,,,,,,,,,,,,,,,,,,,,,,,,,,,,Shareholders,XMC,93232093,,,,,630384.0,,,,,,,Công ty Cổ phần Tập đoàn Đầu tư I.P.A,0.03152197,,,,,,,,
,,,2024-09-12,,,,,,,,,,,,,,,,,,,,,,,,,,,,,,,,,,,,,,,,,,,Shareholders,XMC,93255099,,,,,285900.0,,,,,,,Quỹ Đầu tư Cổ phiếu Tập trung Cổ tức DC,0.0286,,,,,,,,
,,,2025-10-05,,,,,,,,,,,,,,,,,,,,,,,,,,,,,,,,,,,,,,,,,,,Shareholders,XMC,93252991,,,,,1980616.0,,,,,,,Phạm Thị Hiền,0.0277,,,,,,,,
,,,2025-10-05,,,,,,,,,,,,,,,,,,,,,,,,,,,,,,,,,,,,,,,,,,,Shareholders,XMC,93234606,,,,,692436.0,,,,,,,Đào Văn Công,0.0126,,,,,,,,
,,,2015-09-14,,,,,,,,,,,,,,,,,,,,,,,,,,,,,,,,,,,,,,,,,,,Shareholders,XMC,93233794,,,,,200164.0,,,,,,,Đặng Hoàng Huy,0.0100099617,,,,,,,,
,,,2015-09-14,,,,,,,,,,,,,,,,,,,,,,,,,,,,,,,,,,,,,,,,,,,Shareholders,XMC,93250233,,,,,200000.0,,,,,,,Nguyễn Trung Kiên,0.0100017603,,,,,,,,
,,,2025-10-05,,,,,,,,,,,,,,,,,,,,,,,,,,,,,,,,,,,,,,,,,,,Shareholders,XMC,93243611,,,,,254888.0,,,,,,,Nguyễn Cao Thắng,0.0036,,,,,,,,
,,,2025-10-05,,,,,,,,,,,,,,,,,,,,,,,,,,,,,,,,,,,,,,,,,,,Shareholders,XMC,93242417,,,,,187227.0,,,,,,,Mai Văn Định,0.0026,,,,,,,,
,,,2025-10-05,,,,,,,,,,,,,,,,,,,,,,,,,,,,,,,,,,,,,,,,,,,Shareholders,XMC,93261732,,,,,104500.0,,,,,,,Vũ Ngọc Nho,0.0019,,,,,,,,
,,,2015-09-14,,,,,,,,,,,,,,,,,,,,,,,,,,,,,,,,,,,,,,,,,,,Shareholders,XMC,93259422,,,,,31800.0,,,,,,,Trần Văn Tuấn,0.0015902798,,,,,,,,
,,,2025-10-05,,,,,,,,,,,,,,,,,,,,,,,,,,,,,,,,,,,,,,,,,,,Shareholders,XMC,93238922,,,,,100000.0,,,,,,,Kim Mạnh Hà,0.0015,,,,,,,,
,,,2015-09-14,,,,,,,,,,,,,,,,,,,,,,,,,,,,,,,,,,,,,,,,,,,Shareholders,XMC,93259082,,,,,28376.0,,,,,,,Trần Trọng Diên,0.0014190497,,,,,,,,
,,,2015-09-14,,,,,,,,,,,,,,,,,,,,,,,,,,,,,,,,,,,,,,,,,,,Shareholders,XMC,93259285,,,,,26950.0,,,,,,,Trần Văn Liền,0.0013477372,,,,,,,,
,,,2015-09-14,,,,,,,,,,,,,,,,,,,,,,,,,,,,,,,,,,,,,,,,,,,Shareholders,XMC,93235893,,,,,25200.0,,,,,,,Đỗ Thạch Cương,0.0012602217,,,,,,,,
,,,2025-10-05,,,,,,,,,,,,,,,,,,,,,,,,,,,,,,,,,,,,,,,,,,,Shareholders,XMC,93235219,,,,,80000.0,,,,,,,Đinh Viết Long,0.0012,,,,,,,,
,,,2025-10-05,,,,,,,,,,,,,,,,,,,,,,,,,,,,,,,,,,,,,,,,,,,Shareholders,XMC,93240782,,,,,26447.0,,,,,,,Lê Thị Ngọc Diệp,0.0004,,,,,,,,
,,,2015-09-14,,,,,,,,,,,,,,,,,,,,,,,,,,,,,,,,,,,,,,,,,,,Shareholders,XMC,93255950,,,,,7660.0,,,,,,,Tạ Thị Loan,0.0003830674,,,,,,,,
,,,2015-09-14,,,,,,,,,,,,,,,,,,,,,,,,,,,,,,,,,,,,,,,,,,,Shareholders,XMC,93261744,,,,,5000.0,,,,,,,Vũ Ngọc Trường,0.000250044,,,,,,,,
,,,2015-09-14,,,,,,,,,,,,,,,,,,,,,,,,,,,,,,,,,,,,,,,,,,,Shareholders,XMC,93244286,,,,,5000.0,,,,,,,Nguyễn Đức Thắng,0.000250044,,,,,,,,
,,,2015-09-14,,,,,,,,,,,,,,,,,,,,,,,,,,,,,,,,,,,,,,,,,,,Shareholders,XMC,93236717,,,,,5000.0,,,,,,,Dương Văn Trường,0.000250044,,,,,,,,
,,,2025-10-05,,,,,,,,,,,,,,,,,,,,,,,,,,,,,,,,,,,,,,,,,,,Shareholders,XMC,93236368,,,,,14851.0,,,,,,,Dương Anh Tuấn,0.0002,,,,,,,,
,,,2025-10-05,,,,,,,,,,,,,,,,,,,,,,,,,,,,,,,,,,,,,,,,,,,Shareholders,XMC,93236308,,,,,5500.0,,,,,,,Đỗ Vũ Mai Nhung,0.0001,,,,,,,,
,,,2025-10-05,,,,,,,,,,,,,,,,,,,,,,,,,,,,,,,,,,,,,,,,,,,Shareholders,XMC,93252537,,,,,686.0,,,,,,,Phạm Mỹ Hạnh,1e-05,,,,,,,,
XLV,2024.0,5.0,1743001127160,464469371474.0,2.120023040194418,9781884363.0,2.4313898325798973,0.029539184102622833,0.1821686504,0.2400185209,0.0744832405,4.1694119951,0.6770178885,3260.628121,1.5091386812,0.1314397249,1.119449805,-27.734235919030752,2.727730346437589,0.11878653654358941,0.021060343186800574,0.0642823955867052,38700000000.0,3000000,0.083320887,2.9758612747,19054.1494083333,1.6893352547,3.5366584407,62.3166495399,63.8876114791922,22.0903730372,26.4246463312,3093.9614543333,30000000000,0.0,1.9054149408333334,1.7277303464,0.1162790698,15224238224.0,13720046274.0,0.0,1.7277303464,112.4026308475922,16.5230346896,RatioSummary,XLV,,,,,,,,,,,,,,,,,,,,,,
,,,2025-08-05,,,,,,,,,,,,,,,,,,,,,,,,,,,,,,,,,,,,,,,,,,,Officers,XLV,1,TRẦN XUÂN CHÍNH,Chủ tịch Hội đồng Quản trị,Chủ tịch HĐQT,0.17275,518250.0,,,,,,,,,,,,,,,,
,,,2025-08-05,,,,,,,,,,,,,,,,,,,,,,,,,,,,,,,,,,,,,,,,,,,Officers,XLV,2,Trần Xuân Minh,Thành viên Hội đồng Quản trị/Tổng Giám đốc,TV HĐQT/TGĐ,0.110775,332325.0,,,,,,,,,,,,,,,,
,,,2025-08-05,,,,,,,,,,,,,,,,,,,,,,,,,,,,,,,,,,,,,,,,,,,Officers,XLV,3,Nguyễn Anh Tuấn,Thành viên Hội đồng Quản trị/Phó Tổng Giám đốc,TV HĐQT/Phó TGĐ,0.1100167,330050.0,,,,,,,,,,,,,,,,
,,,2025-08-05,,,,,,,,,,,,,,,,,,,,,,,,,,,,,,,,,,,,,,,,,,,Officers,XLV,4,Ngô Đình Khương,Kế toán trưởng/Thành viên Hội đồng Quản trị,Kế toán trưởng/TV HĐQT,0.1079833,323950.0,,,,,,,,,,,,,,,,
,,,2025-08-05,,,,,,,,,,,,,,,,,,,,,,,,,,,,,,,,,,,,,,,,,,,Officers,XLV,5,Đặng Vũ Quyền,Phó Tổng Giám đốc,Phó TGĐ,0.0240667,72200.0,,,,,,,,,,,,,,,,
,,,2025-08-05,,,,,,,,,,,,,,,,,,,,,,,,,,,,,,,,,,,,,,,,,,,Officers,XLV,6,Đinh Hữu Phương,Thành viên Ban kiểm soát,TV BKS,0.0185833,55750.0,,,,,,,,,,,,,,,,
,,,2025-08-05,,,,,,,,,,,,,,,,,,,,,,,,,,,,,,,,,,,,,,,,,,,Officers,XLV,7,Trần Ngọc Tân,Thành viên Ban kiểm soát,TV BKS,0.0178167,53450.0,,,,,,,,,,,,,,,,
,,,2025-08-05,,,,,,,,,,,,,,,,,,,,,,,,,,,,,,,,,,,,,,,,,,,Officers,XLV,8,Nguyễn Cao Ngọc,Phó Tổng Giám đốc,Phó TGĐ,0.0064833,19450.0,,,,,,,,,,,,,,,,
,,,2025-08-05,,,,,,,,,,,,,,,,,,,,,,,,,,,,,,,,,,,,,,,,,,,Officers,XLV,9,Lê Công Tinh,Thành viên Hội đồng Quản trị,TV HĐQT,0.0019167,5750.0,,,,,,,,,,,,,,,,
,,,2025-08-05,,,,,,,,,,,,,,,,,,,,,,,,,,,,,,,,,,,,,,,,,,,Officers,XLV,10,Trần Quang Hưng,Trưởng Ban kiểm soát,Trưởng BKS,0.0003917,1175.0,,,,,,,,,,,,,,,,
{0: 'XLV'},,,,,,,,,,,,,,,,,,,,,,,,{0: 3000000},,,,,,,,,,,{0: 30000000000},,,,,,,,,,,Overview,XLV,{0: '73991'},,,,,,{0: ' - Năm 1993: Chi nhánh Sông Đà 11-3 trực thuộc Công ty Cổ phần Sông Đà 11 – Tập đoàn Sông Đà được thành lập;  - Năm 2009: Chuyển đổi thành Công ty Cổ phần Xây lắp và Dịch vụ Sông Đà trực thuộc Tổng Công ty Sông Đà;  - Năm 2014: Trở thành công ty đại chúng;  - Ngày 14/09/2017: Tăng vốn điều lệ lên 30 tỷ đồng;  - Ngày 22/05/2018: Giao dịch trên thị trường UPCOM;'},"{0: 'Công ty Cổ phần Xây lắp và Dịch vụ Sông Đà (XLV) có tiền thân là Chi nhánh Sông Đà 11-3 trực thuộc Công ty Cổ phần Sông Đà 11 được thành lập vào năm 1993. Công ty hoạt động trong lĩnh vực thi công xây lắp các công trình điện, nước, nhà cao tầng, khu đô thị, khu công nghiệp, các công trình đường dây và trạm biến áp đến 500kV. XLV chính thức hoạt động theo mô hình công ty cổ phần từ năm 2009. Từ năm 2010, Công ty tham gia cung cấp dịch vụ quản lý vận hành bất động sản. Công ty đã thi công một số công trình trọng điểm trong đó có trạm biến áp 220 kV Sóc Sơn – Hà Nội, trạm biến áp 220 kV Việt Trì – Phú Thọ, đường dây 500 kV Quảng Ninh – Thường Tín, dự án khách sạn quốc tế DAEWOO và khu công nghiệp Yên Phong  - Bắc Ninh. XLV được giao dịch trên thị trường UPCOM từ tháng 05/2018.'}",{0: 'Xây dựng và Vật liệu'},{0: 'Xây dựng và Vật liệu'},{0: 'Xây dựng'},{0: 3000000},,,,,,,,,,
,,,2025-10-05,,,,,,,,,,,,,,,,,,,,,,,,,,,,,,,,,,,,,,,,,,,Shareholders,XLV,93259509,,,,,518250.0,,,,,,,TRẦN XUÂN CHÍNH,0.17275,,,,,,,,
,,,2025-10-05,,,,,,,,,,,,,,,,,,,,,,,,,,,,,,,,,,,,,,,,,,,Shareholders,XLV,93259531,,,,,332325.0,,,,,,,Trần Xuân Minh,0.110775,,,,,,,,
,,,2025-10-05,,,,,,,,,,,,,,,,,,,,,,,,,,,,,,,,,,,,,,,,,,,Shareholders,XLV,93243412,,,,,330050.0,,,,,,,Nguyễn Anh Tuấn,0.1100167,,,,,,,,
,,,2025-10-05,,,,,,,,,,,,,,,,,,,,,,,,,,,,,,,,,,,,,,,,,,,Shareholders,XLV,93242809,,,,,323950.0,,,,,,,Ngô Đình Khương,0.1079833,,,,,,,,
,,,2025-10-05,,,,,,,,,,,,,,,,,,,,,,,,,,,,,,,,,,,,,,,,,,,Shareholders,XLV,93241985,,,,,150600.0,,,,,,,Lưu Quang Hưng,0.0502,,,,,,,,
,,,2023-09-18,,,,,,,,,,,,,,,,,,,,,,,,,,,,,,,,,,,,,,,,,,,Shareholders,XLV,93261605,,,,,128000.0,,,,,,,Vũ Hồng  Vân,0.043,,,,,,,,
,,,2025-10-05,,,,,,,,,,,,,,,,,,,,,,,,,,,,,,,,,,,,,,,,,,,Shareholders,XLV,93261606,,,,,128800.0,,,,,,,Vũ Hồng Vân,0.0429333,,,,,,,,
,,,2025-10-05,,,,,,,,,,,,,,,,,,,,,,,,,,,,,,,,,,,,,,,,,,,Shareholders,XLV,93234319,,,,,72200.0,,,,,,,Đặng Vũ Quyền,0.0240667,,,,,,,,
,,,2025-10-05,,,,,,,,,,,,,,,,,,,,,,,,,,,,,,,,,,,,,,,,,,,Shareholders,XLV,93247693,,,,,57500.0,,,,,,,Nguyễn Thị Giang Giang,0.0191667,,,,,,,,
,,,2025-10-05,,,,,,,,,,,,,,,,,,,,,,,,,,,,,,,,,,,,,,,,,,,Shareholders,XLV,93234885,,,,,55750.0,,,,,,,Đinh Hữu Phương,0.0185833,,,,,,,,
,,,2025-10-05,,,,,,,,,,,,,,,,,,,,,,,,,,,,,,,,,,,,,,,,,,,Shareholders,XLV,93257904,,,,,53450.0,,,,,,,Trần Ngọc Tân,0.0178167,,,,,,,,
,,,2025-10-05,,,,,,,,,,,,,,,,,,,,,,,,,,,,,,,,,,,,,,,,,,,Shareholders,XLV,93243607,,,,,19450.0,,,,,,,Nguyễn Cao Ngọc,0.0064833,,,,,,,,
,,,2025-10-05,,,,,,,,,,,,,,,,,,,,,,,,,,,,,,,,,,,,,,,,,,,Shareholders,XLV,93259551,,,,,10150.0,,,,,,,Trần Xuân Trí,0.0033833,,,,,,,,
,,,2025-10-05,,,,,,,,,,,,,,,,,,,,,,,,,,,,,,,,,,,,,,,,,,,Shareholders,XLV,93243157,,,,,5750.0,,,,,,,Ngô  Thúy Hạnh,0.0019167,,,,,,,,
,,,2025-10-05,,,,,,,,,,,,,,,,,,,,,,,,,,,,,,,,,,,,,,,,,,,Shareholders,XLV,93239474,,,,,5750.0,,,,,,,Lê Công Tinh,0.0019167,,,,,,,,
,,,2025-10-05,,,,,,,,,,,,,,,,,,,,,,,,,,,,,,,,,,,,,,,,,,,Shareholders,XLV,93253291,,,,,5000.0,,,,,,,Phạm Thị  Thoa,0.0016667,,,,,,,,
,,,2025-10-05,,,,,,,,,,,,,,,,,,,,,,,,,,,,,,,,,,,,,,,,,,,Shareholders,XLV,93243863,,,,,3450.0,,,,,,,Nguyễn Đạt Tuấn,0.00115,,,,,,,,
,,,2025-10-05,,,,,,,,,,,,,,,,,,,,,,,,,,,,,,,,,,,,,,,,,,,Shareholders,XLV,93234882,,,,,2000.0,,,,,,,Đinh Hữu Lâm,0.0005,,,,,,,,
,,,2025-10-05,,,,,,,,,,,,,,,,,,,,,,,,,,,,,,,,,,,,,,,,,,,Shareholders,XLV,93258070,,,,,1175.0,,,,,,,Trần Quang Hưng,0.0003917,,,,,,,,
XHC,2025.0,3.0,1761576038677,129310506740.0,0.1285185860154679,207653048.0,1.0847028364711255,0.020532563485770886,0.1775649191,0.0283769102,0.103717995,6.082367092,1.0409686619,9.847677329096815,2.1305758755,0.2169317561,1.4301526803,-1.2076564493055681,1.5950170663025585,0.34098046694164114,0.0016400181577993717,0.12843716908012617,421730000000.0,21086500,0.8268722113,6.3166023454,19212.8742498281,15.0634093778,0.7629364136,3.5306958392,59.47236401344672,138.5095335935,48.7448174485,3288.1935104451,210965000000,0.0649670724,1.920376711155879,0.5950170663,0.05,35841735109.0,2599757430.0,0.4716311249,0.5950170663,246.72671505544673,2.6351976686,RatioSummary,XHC,,,,,,,,,,,,,,,,,,,,,,
,,,2016-10-31,,,,,,,,,,,,,,,,,,,,,,,,,,,,,,,,,,,,,,,,,,,Officers,XHC,1,Trần Minh Hoàng,Thành viên Ban đại diện Quỹ,TV Ban đại diện Quỹ,0.00766667,154100.0,,,,,,,,,,,,,,,,
,,,2024-07-25,,,,,,,,,,,,,,,,,,,,,,,,,,,,,,,,,,,,,,,,,,,Officers,XHC,8,Đào Đức Chính,Chủ tịch Hội đồng Quản trị,Chủ tịch HĐQT,0.00468546,98800.0,,,,,,,,,,,,,,,,
,,,2023-01-30,,,,,,,,,,,,,,,,,,,,,,,,,,,,,,,,,,,,,,,,,,,Officers,XHC,7,Đặng Thanh Thùy,Phó Tổng Giám đốc/Phụ trách Công bố thông tin,Phó TGĐ/Phụ trách CBTT,0.00055012,11600.0,,,,,,,,,,,,,,,,
,,,2022-05-09,,,,,,,,,,,,,,,,,,,,,,,,,,,,,,,,,,,,,,,,,,,Officers,XHC,4,Dương Thị Thu Liên,Thành viên Ban kiểm soát,TV BKS,0.0,0.0,,,,,,,,,,,,,,,,
,,,2022-10-10,,,,,,,,,,,,,,,,,,,,,,,,,,,,,,,,,,,,,,,,,,,Officers,XHC,5,Đào Ngọc Thu,Trưởng Ban kiểm soát,Trưởng BKS,0.0,0.0,,,,,,,,,,,,,,,,
,,,2022-10-10,,,,,,,,,,,,,,,,,,,,,,,,,,,,,,,,,,,,,,,,,,,Officers,XHC,6,Nguyễn Thị Linh Chi,Thành viên Ban kiểm soát,TV BKS,0.0,0.0,,,,,,,,,,,,,,,,
,,,2024-07-25,,,,,,,,,,,,,,,,,,,,,,,,,,,,,,,,,,,,,,,,,,,Officers,XHC,9,Nguyễn Đức Cường,Thành viên Hội đồng Quản trị,TV HĐQT,0.0,0.0,,,,,,,,,,,,,,,,
,,,2024-11-20,,,,,,,,,,,,,,,,,,,,,,,,,,,,,,,,,,,,,,,,,,,Officers,XHC,10,Lê Duy Anh,Tổng Giám đốc/Thành viên Hội đồng Quản trị,TGĐ/TV HĐQT,0.0,0.0,,,,,,,,,,,,,,,,
,,,2025-02-13,,,,,,,,,,,,,,,,,,,,,,,,,,,,,,,,,,,,,,,,,,,Officers,XHC,11,Đoàn Hương Sơn,Thành viên Hội đồng Quản trị,TV HĐQT,0.0,0.0,,,,,,,,,,,,,,,,
,,,2020-08-26,,,,,,,,,,,,,,,,,,,,,,,,,,,,,,,,,,,,,,,,,,,Officers,XHC,2,Bùi Tiến Tuấn,Kế toán trưởng,Kế toán trưởng,0.0,0.0,,,,,,,,,,,,,,,,
,,,2022-04-20,,,,,,,,,,,,,,,,,,,,,,,,,,,,,,,,,,,,,,,,,,,Officers,XHC,3,Lê Việt Bằng,Thành viên Hội đồng Quản trị,TV HĐQT,0.0,0.0,,,,,,,,,,,,,,,,
{0: 'XHC'},,,,,,,,,,,,,,,,,,,,,,,,{0: 21096500},,,,,,,,,,,{0: 210965000000},,,,,,,,,,,Overview,XHC,{0: '77046'},,,,,,"{0: ' - Ngày 19/03/1980: Xí nghiệp Xe đạp Xuân Hòa trực thuộc Sở Công nghiệp Hà Nội được thành lập theo Quyết định số 1031/QĐ-CN của UBND thành phố Hà Nội;  - Tháng 03/1981: Chuyển Xí nghiệp Xe đạp Xuân Hòa từ Sở Công nghiệp Hà Nội về Liên hiệp các xí nghiệp xe đạp xe máy Hà Nội;  - Tháng 04/1981: Xí nghiệp kéo ống thép Kim Anh trực thuộc Sở Công nghiệp Hà Nội sáp nhập vào Xí nghiệp Xe đạp Xuân Hòa;  - Tháng 03/1989: Xí nghiệp phân khoáng Hà Nội bị giải thể và giao cho Xí nghiệp Xe đạp Xuân Hòa quản lý;  - Năm 1996: Tham gia góp vốn với 2 công ty Nhật Bản để thành lập Công ty liên doanh TAKANICHI –VIETNAM (nay đổi thành Công ty TNHH TOYOTA BOSHOKU Hà Nội);  - Đầu năm 1998: Tiếp nhận cơ sở Cầu Diễn của Nhà máy thực phẩm xuất khẩu bị giải thể tại địa chỉ số 27 đường Đông Lạnh, Thị trấn Cầu Diễn, Từ Liêm, Hà Nội;  - Tháng 01/1999: Tiếp nhận Công ty Sản xuất Kinh doanh Ngoại tỉnh (HACO) có trụ sở tại số 7 Yên Thế, Quận Ba Đình, thành phố Hà Nội;  - Tháng 08/2004: Chuyển đổi thành Công ty TNHH Nhà nước MTV Xuân Hòa;  - Tháng 12/2012: Đổi tên thành Công ty TNHH MTV Nội thất Xuân Hòa;  - Ngày 26/06/2015: Bán đấu giá cổ phần lần đầu ra công chúng (IPO) tại Sở Giao dịch Chứng khoán Hà Nội (HNX) với khối lượng chào bán thành công 5.434.800 cổ phần và mức giá đấu thành công bình quân là 10.999 đồng/cổ phần;  - Ngày 16/09/2015: Tổ chức đại hội đồng cổ đông lần đầu chuyển Công ty TNHH MTV Nội thất Xuân Hòa thành Công ty Cổ phần Xuân Hòa Việt Nam;  - Ngày 02/11/2015: Chính thức hoạt động dưới hình thức công ty cổ phần với vốn điều lệ 201 tỷ đồng;  - Ngày 17/02/2016: Trở thành công ty đại chúng;  - Ngày 03/11/2016: Giao dịch trên thị trường UPCOM;  - Ngày 20/11/2017: Tăng vốn điều lệ lên 210.965.000.000 đồng;'}","{0: 'Công ty Cổ phần Xuân Hòa Việt Nam (XHC) có tiền thân là Xí nghiệp Xe đạp Xuân Hòa trực thuộc Sở Công nghiệp Hà Nội được thành lập vào năm 1980. Công ty hoạt động trong lĩnh vực sản xuất và kinh doanh thiết bị nội thất văn phòng, gia đình, trường học, nơi công cộng. Từ năm 2015, XHC chính thức hoạt động theo mô hình công ty cổ phần. Công ty có công suất 400.000  - 500.000 sản phẩm mộc/năm. XHC đã tham gia cung cấp các sản phẩm nội thất cho các công trình tiêu biểu như Trung tâm Hội nghị quốc gia, Tòa nhà Bộ Tài chính, Bảo tàng Hà Nội, Cung Văn hóa Hữu nghị Việt Xô, Bệnh viện An Sinh, Khách sạn Mường Thanh, Trường Phổ thông Liên cấp Olympia. XHC được giao dịch trên thị trường UPCOM từ cuối năm 2016.'}",{0: 'Hàng gia dụng'},{0: 'Hàng cá nhân & Gia dụng'},{0: 'Thiết bị gia dụng'},{0: 21086500},,,,,,,,,,
,,,2025-10-05,,,,,,,,,,,,,,,,,,,,,,,,,,,,,,,,,,,,,,,,,,,Shareholders,XHC,93231256,,,,,5427000.0,,,,,,,Công Ty Cổ Phần Đầu Tư VAC Việt Nam,0.2573,,,,,,,,
,,,2025-10-05,,,,,,,,,,,,,,,,,,,,,,,,,,,,,,,,,,,,,,,,,,,Shareholders,XHC,93233331,,,,,2400000.0,,,,,,,Công ty TNHH Quản lý Quỹ Bảo Việt,0.1137,,,,,,,,
,,,2025-10-05,,,,,,,,,,,,,,,,,,,,,,,,,,,,,,,,,,,,,,,,,,,Shareholders,XHC,93244661,,,,,2390282.0,,,,,,,Nguyễn Hoàng Hải,0.1133,,,,,,,,
,,,2025-01-07,,,,,,,,,,,,,,,,,,,,,,,,,,,,,,,,,,,,,,,,,,,Shareholders,XHC,93251444,,,,,1763043.0,,,,,,,Nguyễn Việt Anh,0.0836,,,,,,,,
,,,2025-10-05,,,,,,,,,,,,,,,,,,,,,,,,,,,,,,,,,,,,,,,,,,,Shareholders,XHC,93258875,,,,,1715396.0,,,,,,,Trần Thị Thu Hà,0.0813,,,,,,,,
,,,2025-10-05,,,,,,,,,,,,,,,,,,,,,,,,,,,,,,,,,,,,,,,,,,,Shareholders,XHC,93241191,,,,,1310011.0,,,,,,,Lê Tú Anh,0.0621,,,,,,,,
,,,2025-10-05,,,,,,,,,,,,,,,,,,,,,,,,,,,,,,,,,,,,,,,,,,,Shareholders,XHC,93248505,,,,,1243023.0,,,,,,,Nguyễn Thi Minh Hiền,0.0589,,,,,,,,
,,,2025-01-07,,,,,,,,,,,,,,,,,,,,,,,,,,,,,,,,,,,,,,,,,,,Shareholders,XHC,93248509,,,,,1169923.0,,,,,,,Nguyễn Thị Minh Hiền,0.0555,,,,,,,,
,,,2025-10-05,,,,,,,,,,,,,,,,,,,,,,,,,,,,,,,,,,,,,,,,,,,Shareholders,XHC,93240558,,,,,989332.0,,,,,,,Lê Thị Hoa,0.04691779,,,,,,,,
,,,2025-10-05,,,,,,,,,,,,,,,,,,,,,,,,,,,,,,,,,,,,,,,,,,,Shareholders,XHC,93238844,,,,,753300.0,,,,,,,Khúc Văn Quang,0.0357243,,,,,,,,
,,,2025-10-05,,,,,,,,,,,,,,,,,,,,,,,,,,,,,,,,,,,,,,,,,,,Shareholders,XHC,93261871,,,,,750300.0,,,,,,,Vương Xuân Hùng,0.0356,,,,,,,,
,,,2025-10-05,,,,,,,,,,,,,,,,,,,,,,,,,,,,,,,,,,,,,,,,,,,Shareholders,XHC,93243411,,,,,562636.0,,,,,,,Nguyễn Anh Tuấn,0.0266823,,,,,,,,
,,,2025-10-05,,,,,,,,,,,,,,,,,,,,,,,,,,,,,,,,,,,,,,,,,,,Shareholders,XHC,93257762,,,,,154100.0,,,,,,,Trần Minh Hoàng,0.00766667,,,,,,,,
,,,2025-10-05,,,,,,,,,,,,,,,,,,,,,,,,,,,,,,,,,,,,,,,,,,,Shareholders,XHC,93247600,,,,,104912.0,,,,,,,Nguyên Thị Dạ Liên,0.00497532,,,,,,,,
,,,2025-10-05,,,,,,,,,,,,,,,,,,,,,,,,,,,,,,,,,,,,,,,,,,,Shareholders,XHC,93255667,,,,,100000.0,,,,,,,Tạ Lê Hải Anh,0.00474237,,,,,,,,
,,,2025-10-05,,,,,,,,,,,,,,,,,,,,,,,,,,,,,,,,,,,,,,,,,,,Shareholders,XHC,93234368,,,,,98800.0,,,,,,,Đào Đức Chính,0.00468546,,,,,,,,
,,,2025-10-05,,,,,,,,,,,,,,,,,,,,,,,,,,,,,,,,,,,,,,,,,,,Shareholders,XHC,93234025,,,,,11600.0,,,,,,,Đặng Thanh Thùy,0.00055012,,,,,,,,
,,,2025-10-05,,,,,,,,,,,,,,,,,,,,,,,,,,,,,,,,,,,,,,,,,,,Shareholders,XHC,93249791,,,,,6000.0,,,,,,,Nguyễn Thu Hiền,0.0003,,,,,,,,
,,,2025-10-05,,,,,,,,,,,,,,,,,,,,,,,,,,,,,,,,,,,,,,,,,,,Shareholders,XHC,93238164,,,,,4700.0,,,,,,,Hồ Thị Thu Hiền,0.00023,,,,,,,,
,,,2025-10-05,,,,,,,,,,,,,,,,,,,,,,,,,,,,,,,,,,,,,,,,,,,Shareholders,XHC,93234291,,,,,400.0,,,,,,,Đặng Văn Sửu,2e-05,,,,,,,,
